ticker,as_of,old_float_M,old_os_M,old_conf,old_basis,new_float_M,new_os_M,new_conf,new_basis,old_note,new_note
ACHR,2025-05-13,506.74,548.88,high,DEF14A 2025-04-30 + 10-Q 2025-05-12,506.74,548.88,high,10-Q 2025-05-12 + DEF14A 2025-04-30,"Class A O/S 548.88M from 10-Q (5/12); excluded D&O group 42.14M (12 persons, as-a-group). Stellantis 73.2M=13% strategic but <20% kept. Float >>20M.",Class A O/S 548.88M (10-Q 5/12); excl D&O group 42.14M (ex-options); kept Stellantis 73.2M strategic 13% (<20%). Float >>20M.
ACOG,2025-05-16,13.8,16.02,high,DEF 14A cover / 10-Q,15.10,16.02,high,10-Q 2025-05-15 + DEF14A 2025-04-30,"Common O/S 16,019,787 (Class B preferred is a separate non-traded class, exclude","Common O/S 16.02M (10-Q 5/15); excl D&O pure-common ~0.92M (dedup Mertz Holdings, ex-options); kept all 5% holders passive funds; common shares traded (not ADS). Under 20M."
ADUR,2025-05-08,17.1,28.17,medium,424B4 / 13D / 6-K,18.18,29.29,med,6-K 2025-04-14 fin exh + 424B4 2024-11-08 ownership,"Aduro Clean Technologies (Canadian, CSE+Nasdaq). No DEF 14A/20-F yet. Post 1-for","Current common O/S 29.29M (6-K period 2/28/25); excl D&O group pure-common 11.11M (Vicus 9.66M founder/CEO 35% + 5 insiders, ex-options/warrants); Canadian co, common shares (not ADS). Fresh IPO Nov-2024. Under 20M but near cutoff."
AISP,2025-05-19,16.0,31.84,medium,10-K item12 / 10-Q,19.91,31.84,med,10-Q 2025-05-15 + DEF14A 2024-11-12 (ownership img tables),"Airship AI (post de-SPAC; old 2023 SPAC proxy stale). Current O/S 31,844,471 (10","Common O/S 31.84M (10-Q 5/15, de-SPAC); excl founders pure-shares: Huang Kirkland LP 3.38M + Xu Redmond LP 8.44M + minor dirs 0.11M = 11.93M (ex-options/warrants/SARs); KEPT Armistice 2.88M (passive 13G, 17.6%). Float ~19.9M, just under 20M."
AKA,2025-05-14,0.9,10.71,high,10-Q cover / DEF 14A,0.74,10.69,high,10-Q 2025-05-13 + DEF14A 2025-04-24,"a.k.a. Brands, post 1-for-12 reverse split O/S 10,714,794. Control blocks: New E","Common O/S 10.69M (10-Q 5/13, post 1-for-12 reverse split); excl New Excelerate/Summit PE 6.05M (56.6%) + Beard founder entities 2.02M (18.9%) + D&O group 1.88M (incl Bryett Trust 1.72M founder/director); float ~0.74M, heavily controlled. Under 20M."
ALLT,2025-05-12,30.3,39.69,high,20-F item6/7,30.30,39.69,high,20-F 2025-03-27 (Item 6/7) + 6-K 2025-05-12,"Allot Ltd (Israeli, ordinary shares trade directly on Nasdaq, no ADS). O/S 39,69","Ordinary O/S 39.69M (20-F, Israeli co trades ordinary directly NOT ADS); excl D&O group 9.40M which incl director Cynthia Paul/Lynrock Lake 8.79M (board seat=control); KEPT QVT 3.56M (9%) + Kanen 4.25M (10.8%) passive. Float ~30.3M >>20M."
ANGI,2025-05-07,43.8,47.95,high,DEF 14A cover / 10-Q,47.11,47.95,high,DEF14A 2025-04-30 + 10-Q 2025-05-06,"Angi Inc, post-IAC spin-off (Class B eliminated) and post reverse split. O/S 47,","Class A O/S 47.95M (post IAC spin-off + reverse split; no Class B left); excl D&O group 0.84M (1.7%); Barry Diller 7% (<20%, not Angi director) kept; passive funds kept. Float ~47.1M >>20M. (No DT anchor.)"
ARQQ,2025-05-16,4.2,12.75,medium,20-F Item7 + 424B5 current O/S,6.53,12.75,med,20-F 2024-12-05 (Item 7) + 13D/A 2025-02-10 O/S,Arqit Quantum. Dossier ADS flag is a FALSE POSITIVE - ARQQ trades ORDINARY share,"Ordinary O/S 12.75M (13D/A Jan-27-2025; trades ORDINARY directly NOT ADS - false ADS flag; post 1-for-25 reverse split); excl D&O group 6.22M incl director Manfredi/Heritage 5.79M (40% control); founders Williams/Bestwick fell <5% (kept, dispersed). Float ~6.5M under 20M."
ARQQ,2025-05-19,4.2,12.75,medium,20-F Item7 + 424B5 current O/S,6.53,12.75,med,20-F 2024-12-05 (Item 7) + 13D/A 2025-02-10 O/S,"Carried from 2025-05-16; no intervening O/S change (only 144 dispositions and 6-K press release; ATM facility in place but no new issuance documented, O/S still 12,746,713).","Ordinary O/S 12.75M (13D/A Jan-27-2025; trades ORDINARY directly NOT ADS - false ADS flag; post 1-for-25 reverse split); excl D&O group 6.22M incl director Manfredi/Heritage 5.79M (40% control); founders Williams/Bestwick fell <5% (kept, dispersed). Float ~6.5M under 20M. (same filings as 5/16)"
ASMB,2025-05-02,5.02,7.64,high,DEF14A cover (post 1-for-12 split),5.02,7.64,high,DEF14A 2025-04-23 + 10-K 2025-03-20,"Assembly Biosciences. O/S 7,637,553 (Apr 8 2025, post 1-for-12 reverse split). E","Common O/S 7.64M (proxy Apr-8-2025, post 1-for-12 reverse split); excl Gilead 2.21M (28.9%, control - 2 board designees) + D&O group 0.41M; KEPT Schornstein 0.73M (9.5% passive 13G). Float ~5.0M under 20M. DT os 20.7M is later 2026 dilution (>2x gap explained)."
ASST,2025-05-08,12.9,13.41,high,10-K multi-class (listed Class B),12.90,13.41,high,10-K 2025-03-31,"Asset Entities. Listed/traded class is Class B; current Class B O/S 13,413,162 (","Class B (traded class) O/S 13,413,162 as of 2025-03-25; excluded D&O-group Class B 510,689 (incl AEH control holdco 250k Class B); Class A 1.0M super-voting all held by AEH excluded from traded-class float; DT 78.78M reflects later heavy dilution."
BIYA,2025-05-07,2.5,10.0,high,424B4 IPO offering size,2.50,12.50,high,424B4 2025-03-24 IPO,"Baiya International Group (Cayman holdco / China VIE), fresh Nasdaq IPO. 424B4 (","Fresh China (Cayman) IPO closed 2025-03-24: 2,500,000 ordinary offered at $4.00; post-IPO O/S 12,500,000; float=public offering 2.5M; pre-IPO 10M held by founder Daoning Xia (58.7%) + officers + BVI 'International Group Ltd' SPV ladder, all excluded; DT os 15.11M is post-as_of dilution."
BIYA,2025-05-14,3.7,12.52,med,20-F 2025-05-13 Item 6.E,2.50,12.50,high,424B4 2025-03-24 IPO,"Baiya Intl (China IPO). O/S 12,520,000 ordinary (20-F as of Apr 1 2025). Float = public IPO shares; excl D&O group + the ~11 affiliated pre-IPO 'International Group Ltd' SPVs (~8.8M, all at issuer address). CORRECTED from erroneous 11.1M (SPVs wrongly kept).","Fresh China (Cayman) IPO closed 2025-03-24: 2,500,000 ordinary offered at $4.00; post-IPO O/S 12,500,000; float=public offering 2.5M; pre-IPO 10M held by founder Daoning Xia (58.7%) + officers + BVI 'International Group Ltd' SPV ladder, all excluded; DT os 15.11M is post-as_of dilution."
BKKT,2025-05-13,5.69,6.66,medium,10-Q multi-class (listed Class A),5.77,6.73,med,10-Q 2025-05-12 cover + DEF14A 2025-04-28,"Bakkt Holdings (post ~1-for-25 reverse split). Listed class = Class A, current O","Up-C de-SPAC; traded Class A O/S 6,734,323 as of 2025-05-09; excluded D&O-group Class A 311,473 and ICE control-affiliate Class A 649,934 (ICE holds 94.78% paired Class V + voting agmt, 54.4% vote); Highbridge 692k is warrant-exercisable not outstanding Class A so not subtracted; Class V 7.18M is separate non-traded class; DT 47.87M reflects later massive crypto-treasury dilution."
BMBL,2025-05-08,,103.1,medium,DEF 14A 2025-04-17 / Up-C multi-class,73.98,105.55,high,10-K 2025-02-28 cover + DEF14A 2025-04-17,Bumble Inc Up-C structure. Class A O/S ~103.1M (Blackstone 30.1M=29.2% of Class ,"Up-C; traded Class A O/S 105,545,584 (as of 2025-01-31); excluded Stockholders-Agreement control group Class A 31,042,819 (Blackstone 30.12M w/ board seats + founder Wolfe Herd 0.93M) and remaining D&O Class A 0.518M; kept passive Vanguard 10.2M, BlackRock 9.9M, Ameriprise 6.4M (13G); Common Units exchangeable into Class A are NOT in the 105.5M and not subtracted."
BMGL,2025-05-14,8.25,18.455,high,424B4 2025-02-25 (fresh Singapore IPO),6.05,18.79,med,424B4 2025-02-25 IPO,"Basel Medical. Post-IPO O/S=18,455,000 ordinary (16.25M pre + 2.205M offering). ","Basel Medical (BVI) fresh IPO Feb-2025; post-IPO O/S 18,785,750 (incl 330,750 over-allotment, matches DT); excluded control affiliate Rainforest Capital VCC 10,174,579 (55.1%, AIP/Mengli Chen) + D&O group 29,412 + 3 >5% holders Meng/Yip/Tan 2,534,090 sharing the controller's Singapore address (Yip also related-party lessor); ~3.5M unnamed pre-IPO holders + 2.5M public offering left as float; DT float 8.58M = O/S minus Rainforest only (treats the 3 as independent) - alt read."
BOSC,2025-05-29,5.7,5.923559,high,"20-F 2025-03-31 Item 6E (Israeli, ordinary 1:1, no ADS)",5.70,5.92,high,20-F 2025-03-31,"B.O.S. Better Online Solutions. O/S=5,923,559 ordinary as of Mar 15 2025. Exclud","Israeli 20-F filer trading ordinary shares directly (ADS flag is FALSE POSITIVE, no division); O/S 5,923,559 as of 2025-03-15; excluded D&O group (6 persons) shares+options ~227,708; KEPT Todd Felte 458,118 (8.0%, passive 13G/A); no offering in filings <= as_of; DT os 7.05M reflects later-2025 raise."
BUJA,2025-05-05,0.13,2.011807,high,10-K 2025-04-15 cover (post-redemption O/S); DEF 14A 2024-06-07 table,2.93,4.94,high,10-K 2025-04-15,"Bukit Jalil Global Acquisition 1 SPAC, post heavy redemptions. Current O/S=2,011","SPAC (Bukit Jalil Global Acq 1); O/S 4,941,322 as of 2025-04-11 = 2,011,807 non-redeemable (sponsor 1,861,807 + D&O 23,000 + private) + 2,929,515 public shares subject to redemption; SPAC float = public redeemable shares 2,929,515; sponsor (Chyi Chyi Ooi) & D&O excluded; pending business combination (425s) not yet closed."
CINT,2025-05-14,21.6,22.498572,medium,20-F 2025-03-28 Item 7 (Brazilian dual-class; only listed Class A counts),21.63,22.50,med,20-F 2025-03-28 + Q1 6-K 2025-05-13,"CI&T Inc. Class A (listed/tradable) O/S=22,498,572; Class B 112.2M super-voting ","CI&T Brazil dual-class; CINT trades Class A common shares DIRECTLY on NYSE (ADS flag FALSE POSITIVE, no division); Class A outstanding 22,498,572 (20-F report date; Q1 buyback of 1.08M into treasury nets it toward ~22.04M, float then ~21.2M); excluded insiders Gon 66,392 + Martins 82,196 + Guicardi 85,775 + other O&D 75,282 + Advent control 556,699 (=866,344 Class A); KEPT passive T.Rowe 3.86M, BW Gestao 2.60M, WCM 1.45M, Brasil Capital 1.15M; Class B 112M non-traded super-voting; float ~21.6M just above 20M."
CLGN,2025-05-29,9.96,11.454512,high,"20-F 2025-03-26 Item 6E (Israeli, ordinary 1:1, no ADS)",11.04,11.45,med,20-F 2025-03-26,"CollPlant Biotechnologies. O/S=11,454,512 ordinary (table % based on this). Excl","CollPlant (Israel) trades ordinary shares directly on Nasdaq (ADSs cancelled 1-for-1, ADS flag FALSE POSITIVE, no division); O/S 11,454,512 as of 2025-03-15; excluded D&O group ex-options actual shares 410,566 (Evans 377,429 + Tal 31,137 + Bensimon 2,000; rest hold only options); KEPT Ami Sagy 1,943,184 (17%, individual, no board seat/13D, below 20%) and Loewenbaum 1,449,079 (12.7% passive 13G); DT os 14.42M reflects later F-3/S-8 dilution. Alt: if Sagy excluded as affiliate, float ~9.1M (still <20M)."
CMCL,2025-05-19,19.2,19.294784,high,20-F 2025-05-15 Item 7 (filed 4d before as_of),16.59,19.29,med,20-F 2025-05-16 acc=0001171843-25-003266 Item6/7,"Caledonia Mining. O/S=19,294,784 shares. >5% holders Toziyana 12.5%, Shining Cap","O/S 19.29M (19,294,784) per 20-F Item7 geographic register; excluded D&O group 2.70M (14.0%, includes director Gapare's Toziyana 2.41M block); kept Shining Capital 9.97% and Allan Gray 5.72% (both <20%, non-control); trades ordinary on NYSE American, no ADS division."
CMCT,2025-05-02,11.99,13.270164,high,DEF 14A 2025-03-06 (special-meeting proxy),0.70,0.75,med,10-K/A 2025-04-29 acc=0000908311-25-000030 cover+PartIII,"Creative Media & Community Trust. O/S=13,270,164 common (pre any reverse split; ","O/S 754,607 (0.75M) common per 10-K/A cover as of Apr 14 2025, post SERIAL reverse splits (1:10 Jan 6 2025 + 1:25 Apr 15 2025); excluded D&O group 51,388 (6.8%, incl all CIM founder/affiliate common blocks Ressler/Shemesh/Kuba); no external >20% holder. DT 2.64M is stale/pre-April-split."
CNCK,2025-05-22,6.7,129.7,medium,20-F 2024-12-16 Item 7 (de-SPAC); 424B3 2025-05-20 resale registration,6.70,129.70,med,20-F 2024-12-16 acc=0001213900-24-109398 ownership; XBRL 3/31/25 130.8M,Coincheck Group N.V. (de-SPAC). O/S~129.7M ordinary (possible small +4.86M offer,"O/S 129,703,076 ordinary per 20-F (only O/S filing <=as_of; XBRL shows 130.8M at 3/31/25); de-SPAC (Coincheck/Thunder Bridge IV); excluded Monex Group parent 109.10M (84.1%), co-founder Koichiro Wada 9.70M (7.5%), D&O group/Simanson-TBCP 4.20M; float clearly <20M. DT float 12.18 uses later O/S 135.17M."
CREV,2025-05-15,1.83,1.885,medium,20-F Item 6.E ownership table,1.69,1.89,med,20-F 2025-05-14 acc=0001140361-25-018960 (FYE Jun30 2024) Item7,"Carbon Revolution de-SPAC, 10:1 consolidation already in O/S. 20-F (filed 2025-0","O/S 1,885,184 ordinary (20-F cover, June FY-end; OIC dilution is unexercised penny warrants 56% fully-diluted NOT in basic O/S); excluded D&O group 56,587 (3.0%) and Twin Ridge SPAC sponsor Daniel Hennessy 134,000 (7.1%); post-10:1 consolidation reflected; matches DT 1.67M."
CUPR,2025-05-02,3.0,6.915,high,424B4 IPO offering / 6-K closing,3.00,6.92,med,424B4 2025-04-10 acc=0001641172-25-003511 + 6-K close 4/11 acc=0001641172-25-003758,"Cuprina Holdings fresh IPO closed 2025-04-11: 3,000,000 Class A Ordinary Shares ","Fresh dual-class IPO (priced 4/10, closed 4/11 2025); ticker=Class A; Class A O/S 6,915,000 (3.915M pre-IPO + 3.0M IPO, no greenshoe exercised); float = 3.0M public IPO offering (D&O+Cuprina Holding SPV hold only Class B 14.085M; pre-IPO 3.915M Class A are locked-up early investors, excluded). DT 2.68/0.92 divergent."
DBRG,2025-05-15,169.7,176.117,high,DEF 14A cover (Class A),,176.12,high,10-Q 2025-05-01 acc=0001679688-25-000043 cover + DEF14A 2025-04-17,"DigitalBridge large-cap. Listed Class A O/S=176,117,082 (Apr 8 2025). D&O group ","Class A (ticker) O/S 176,116,333 per 10-Q cover; widely-held large-cap, D&O group only 6.37M (3.38%); 5% holders Vanguard 9.7%/Wafra 9.7%/BlackRock 6.9% all passive 13G <20% kept; no control block; float ~169.7M, far over 20M."
DDC,2025-05-29,3.71,4.646,medium,6-K 2025-05-16 (post 1:25 reverse split) + 20-F Item 6.E,3.71,4.65,med,6-K 2025-05-16 acc=0001213900-25-044621 (current O/S post-split) + 20-F 2025-05-15 ownership,DDC Enterprise. 20-F Item 12.D confirms NOT ADS (dossier ADS flag false). One-fo,"Class A Ordinary (ticker, trades direct on NYSE-American, NO ADS-false flag) O/S 4,645,749 post 1-for-25 reverse split (incl 1.47M pending NYSE-A issuance); excluded founder/CEO/Chair Norma Ka Yin Chu, her 23,309,275 pre-split Class A scaled /25 = 932,371; no other holder. DT 34.35/24.11 is post-May BTC-treasury dilution, divergent."
DOMO,2025-05-22,34.1,36.94,high,DEF 14A cover (Class B),34.08,36.94,high,DEF 14A 2025-05-13 acc=0001505952-25-000062 cover+ownership (record date May 1 2025),"Domo dual-class; traded class = Class B. O/S Class B=36,940,668. D&O group Class","Ticker=Class B; Class B O/S 36,940,668 (Class A 3.26M super-voting is separate class held by founder, not in Class B O/S); excluded D&O group Class B 2,864,083 (7.7%, incl founder J.James Class B); kept all 5% holders BlackRock/Vanguard/Ameriprise/RPD-Okumus (passive 13G, <20%); float 34.08M >20M."
EDBL,2025-05-21,2.4,2.44,medium,10-Q cover (post reverse split) + 8-K warrant-exercise reconciliation,1.62,1.66,low,10-Q 2025-05-15 acc=0001477932-25-003815 cover (O/S as of May 5),Edible Garden noisy multi-event: reverse split + dilution. 10-Q (2025-05-15) O/S,"Serial-diluter nano-cap; O/S 1,655,264 common per 10-Q cover (as of May 5 2025, post reverse splits); 5/21 8-K '1,999,200' and 5/14 events are warrants-to-purchase/Series B preferred NOT issued common; insiders negligible (D&O group ~39,074, <1%, stale Dec24 proxy); Armistice/Riverside capped at 9.99% blockers (kept passive). DT 8.77/8.6 is much-later post-dilution."
ELPW,2025-05-08,14.5,50.056,medium,20-F Item 6.E ownership table (only filing; 162d old),14.50,44.28,med,20-F 2024-11-27 acc=0001493152-24-048069 ownership + Feb-2025 13Gs (confirm 50.06M total unchanged),"Elong Power fresh de-SPAC (closed Nov 21 2024), foreign Cayman dual-class. O/S=5","Fresh China de-SPAC (TMT/Elong, closed 11/21/24); ticker=Class A; Class A O/S 44,278,677 (total ordinary 50.06M incl 5.78M Class B held by founder Liu/GRACEDAN); excluded 5 pre-IPO PRC rollover SPVs (Zibo 8.03M/Shenzhen Jinpenglong 6.70M/Xingzheng 6.62M/Jiupaiyuanjiang 4.72M/Pingtan 3.71M = 29.78M); D&O/Liu are Class B only. DT 6.04 is a data error."
ELPW,2025-05-13,14.5,50.056,medium,20-F Item 6.E ownership table (only filing; 167d old),14.50,44.28,med,20-F 2024-11-27 Class A,"Carried from 2025-05-08; O/S 50,056,114 unchanged (S-8 Apr-21 registered incentive plan shares but no grant/issuance documented); ownership structure unchanged.","Class A traded; ClassA O/S 44.28M (of 50.06M all-class, Nov21-2024); excluded 5 pre-de-SPAC PRC lock-up affiliates (Zibo Yingke 8.03, Shenzhen Jinpenglong 6.70, Xingzheng 6.62, Xiamen Jiupaiyuanjiang 4.72, Pingtan Yingke 3.71 = 29.78M); founder Liu 5.78M is ClassB (unlisted); DT 6.04M is post-reverse-split 2026 (not yet at as_of)"
ELPW,2025-05-16,14.5,50.056,medium,20-F Item 6.E ownership table (only filing; 170d old),14.50,44.28,med,20-F 2024-11-27 Class A,"Carried from 2025-05-08; O/S 50,056,114 unchanged; no new issuance between 05-08 and 05-16.","Class A traded; ClassA O/S 44.28M (of 50.06M all-class, Nov21-2024); excluded 5 pre-de-SPAC PRC lock-up affiliates (Zibo Yingke 8.03, Shenzhen Jinpenglong 6.70, Xingzheng 6.62, Xiamen Jiupaiyuanjiang 4.72, Pingtan Yingke 3.71 = 29.78M); founder Liu 5.78M is ClassB (unlisted); DT 6.04M is post-reverse-split 2026 (not yet at as_of)"
ELPW,2025-05-28,14.5,50.056,medium,20-F Item 6.E ownership table (only filing; 182d old),14.50,44.28,med,20-F 2024-11-27 Class A,"Carried from 2025-05-08; O/S 50,056,114 unchanged; S-8 registered incentive plan but no share issuance documented through 05-28.","Class A traded; ClassA O/S 44.28M (of 50.06M all-class, Nov21-2024); excluded 5 pre-de-SPAC PRC lock-up affiliates (Zibo Yingke 8.03, Shenzhen Jinpenglong 6.70, Xingzheng 6.62, Xiamen Jiupaiyuanjiang 4.72, Pingtan Yingke 3.71 = 29.78M); founder Liu 5.78M is ClassB (unlisted); DT 6.04M is post-reverse-split 2026 (not yet at as_of)"
EPWK,2025-05-06,10.99,18.35,medium,"424B4 (post-IPO, Class A)",3.16,18.76,high,424B4 IPO Feb2025 + 6-K over-allot,"Multi-class Cayman IPO completed Feb 2025; Class A O/S after IPO = 18,351,494. E",Fresh China IPO Class A; offering 2.75M + full over-allotment 0.4125M (closed Feb21-2025) = 3.16M public float; post-IPO ClassA O/S 18.76M; ClassB 3.56M founder Huang (76.8% vote) excluded; 2.5M resale shares still in 180d lockup at as_of; DT float 3.39M matches
EPWK,2025-05-23,10.99,18.35,medium,"424B4 (post-IPO, Class A)",3.16,18.76,high,424B4 IPO Feb2025 + 6-K over-allot,"Carried from 2025-05-06; O/S 18,351,494 Class A unchanged (S-8 registered 1.5M incentive shares on 03-28 but no grants issued; 6-K Mar-28 adoption only).",Fresh China IPO Class A; offering 2.75M + full over-allotment 0.4125M (closed Feb21-2025) = 3.16M public float; post-IPO ClassA O/S 18.76M; ClassB 3.56M founder Huang (76.8% vote) excluded; 2.5M resale shares still in 180d lockup at as_of; DT float 3.39M matches
EVTL,2025-05-27,16.86,84.6,medium,424B3 cover / 20-F Item 6,17.46,84.60,med,20-F 2025-03-11 + 424B3 2025-05-16,"Current O/S 84,602,721 (424B3 2025-05-16). Excluded control blocks: Mudrick affi","UK eVTOL de-SPAC; O/S 84.60M (Mar31-2025); excl Mudrick control 51.51M ord (has board-nom rights, 73.8% benef; converts/warrants not counted), founder Fitzpatrick/SF 15.49M ord, D&O group ex-options 0.14M = 67.14M; KEEP Saba Capital 8.33M (passive 13G); DT 2026 O/S 127M reflects later convert/ATM dilution"
FCEL,2025-05-23,22.64,22.71,medium,S-3 cover (current O/S) post 1-for-30 reverse split,21.07,21.14,high,10-Q 2025-03-11 cover (Mar5) + DEF14A 2025-02-21,"Heavy ATM diluter. Current O/S 22,714,736 (S-3 2025-04-30 cover); proxy 21.14M (","US fuel-cell; O/S 21.14M (Mar5-2025, post 1-for-30 reverse split Nov2024 already baked in); excl D&O group ex-options 0.074M; KEEP BlackRock 1.17M + Legal&General 1.11M (passive 13G); no control block; DT 2026 O/S 52.98M reflects heavy later ATM dilution"
FLNC,2025-05-08,63.36,130.72,high,10-Q cover (Class A) / DEF 14A table,63.36,130.72,high,10-Q 2025-05-08 + DEF14A 2025-01-24,"Multi-class; Class A trades. Class A O/S 130,718,873 (10-Q 2025-05-08). Excluded","Up-C multiclass; ClassA traded; ClassA O/S 130.72M (10-Q May8); excl 3 Stockholders-Agmt board-seat sponsors: Siemens 51.50M ClassA, Qatar/QIA 14.67M ClassA (board nominee Smith), D&O group ex-opt 1.19M = 67.36M; AES holds only ClassB-1 (0 ClassA); DT float 74.87M differs mainly if QIA kept (then ~78M)"
FLNC,2025-05-12,63.36,130.72,high,10-Q 2025-05-08 cover / DEF 14A,63.36,130.72,high,10-Q 2025-05-08 + DEF14A 2025-01-24,"Carried from 2025-05-08; Class A O/S 130,451,861 per 10-Q (unchanged). Excl AES 51,499,195 Class B-1 (pure voting, non-traded), Siemens 51,499,195 Class A (strategic >20%), Qatar 14,668,275 (strategic >20%), D&O 1,188,668. Float ~63.1M confirmed.","Up-C multiclass; ClassA traded; ClassA O/S 130.72M (10-Q May8); excl 3 Stockholders-Agmt board-seat sponsors: Siemens 51.50M ClassA, Qatar/QIA 14.67M ClassA (board nominee Smith), D&O group ex-opt 1.19M = 67.36M; AES holds only ClassB-1 (0 ClassA); DT float 74.87M differs mainly if QIA kept (then ~78M)"
FMST,2025-05-28,9.5,10.34,low,424B3 outstanding-security data (2025-02-12),9.56,10.34,med,424B3 2025-02-28 MD&A (O/S Feb12) + 20-F 2024-07-01 ownership,"Foremost Clean Energy (Canadian, common shares trade directly, not ADS). 20-F ow","Canadian lithium micro-cap, trades common directly (ADS flag FALSE POS, no division); O/S 10.34M (Feb12-2025, latest count <=as_of; up from 5.46M Mar2024 via offerings); excl D&O group ex-options/warrants dedup ~0.78M (Barnards control via Claimbank/Ora); no other 5pct holders; float ~9.56M clearly <20M; DT 2026 O/S 16.39M reflects further dilution"
FNKO,2025-05-12,40.02,54.28,high,DEF 14A cover (Class A),40.03,54.29,high,10-Q 2025-05-08 cover + DEF14A 2025-04-30 table,"Funko, multi-class; Class A trades. Class A O/S 54,283,715 (DEF 14A 2025-04-28).","Class A traded; current Class A O/S 54.287M (10-Q as of 5/6/25); excluded D&O group 1.73M + TCG 3.0 Fuji 12.53M (23.1%, 13D control); kept passive 13G holders Cooper Creek/Working Capital/Fund Investments."
FSLY,2025-05-08,135.04,144.69,high,DEF 14A cover (Class A),135.16,144.8,high,10-Q 2025-05-07 cover + DEF14A 2025-04-23 table,"Fastly; Class A O/S 144,686,238 (DEF 14A 2025-03-15). All 5% holders passive 13G",Class A; current O/S 144.8M (10-Q as of 4/30/25); excluded only D&O group 9.64M; kept all 5% holders Vanguard/BlackRock/Legal&General (passive 13G); no control affiliate.
FTK,2025-05-07,11.85,29.83,high,DEF 14A cover / 10-K (post reverse split),11.85,29.83,high,DEF14A 2025-04-02 table + 10-K 2025-03-12 cover,"Flotek; O/S 29,826,816 (DEF 14A 2025-03-20; 10-K 2025-03-12 confirms 29,826,508 ","Single-class common; O/S 29.83M as of 3/20/25 (post 1-for-X reverse split); excluded D&O group 0.73M + ProFrac Holdings 17.24M (53.87%, 13D control); no passive >5% holders present."
GDEV,2025-05-05,3.98,18.13,medium,20-F item7 (CONTROL-SUBSET),2.11,18.13,med,20-F 2025-03-31 Item7 major shareholders,"GDEV Inc (Nexters, Cyprus gaming), 20-F filer; ordinary shares 1:1 (ADS Not applicable - flag false positive). O/S 18,130,090 (Mar 3 2025). Heavily controlled: excl CEO Fadeev 3,979,007 (21.9%), founder vehicle Everix 7,440,140 (41%, Bukhman brothers; Igor's 3.72M line is his 50% of Everix - not double-counted), co-founder Gertsovskiy 2,730,972 (15.1%). Kept Kismet SPAC sponsor 1.79M (9.5%, financial). DT float 3.37M cross-checks.","ADS=1:1 ordinary (no division); O/S 18.13M ordinary (post 1-for-10 reverse split, matches DT); excluded Everix 7.44M + Fadeev 3.98M + Gertsovskiy 2.73M + Kismet sponsor 1.79M + residual D&O 0.09M (all director-designation control); Igor Bukhman 50% of Everix not double-counted."
GOOS,2025-05-21,43.2,45.83,high,"20-F item7 (multiclass, listed SVS)",43.21,45.83,high,20-F 2025-05-21 Item7 (as of 5/5/25),"Canada Goose Holdings, dual-class. Listed/traded class = Subordinate Voting Shares; SVS O/S 45,830,391 (May 5 2025, 20-F filed same-day as as_of). Bain (60.5% control) holds only Multiple Voting Shares (0 SVS) - nothing to subtract from SVS. Excl CEO Dani Reiss SVS 1,760,802 + other D&O SVS 855,110. Kept FMR 12.6%, Morgan Stanley, MFS, PCM, Ameriprise (passive 13G).","Multi-class: GOOS=Subordinate Voting Shares only; SVS O/S 45.83M; not a true ADS (Canadian, trades SVS directly); excluded Dani Reiss SVS 1.76M + other D&O SVS ~0.86M (Bain & MVS class held control, 0 SVS); kept passive FMR/MorganStanley/MFS/PCM/Ameriprise."
GPUS,2025-05-07,1.7,1.706,medium,DEF 14A cover (Class A) / 10-K,1.70,1.71,high,DEF14A 2025-05-02 record-date Class A O/S,"Hyperscale Data (fmr Ault/BitNile), multi-class; listed class=Class A common. Current Class A O/S 1,706,356 (DEF 14A record date 2025-05-02; 10-K 1,529,995 Apr-15). Controller Milton Ault/Ault & Co show 95.68% BENEFICIAL but that is voting power via Class B + Series C/G convertibles + warrants; their ACTUAL Class A shares are only ~8,749 (per footnotes 2-3). Excl 8,749 insider Class A. Float ~1.70M. Noisy heavy diluter; DT 6/2026 O/S 485M reflects later massive dilution, ignore for May-2025 PIT.","GPUS=Class A common; current Class A O/S 1.706M (DEF14A record date ~4/28/25); Ault 95.68% is VOTING power via Class B/preferred/warrants NOT Class A ownership; insiders hold only ~8.75K actual Class A; DT os=485M is post-2025 massive ATM dilution (lookahead), not point-in-time."
GPUS,2025-05-08,1.7,1.706,high,DEF 14A cover / 10-K,1.70,1.71,high,DEF14A 2025-05-02 record-date Class A O/S,"carried from 2025-05-07; no intervening O/S change (current O/S still 1,706,356 Class A per proxy record date Apr 30 2025; no Series B conversion between May 7-8)",GPUS=Class A common; current Class A O/S 1.706M (DEF14A record date ~4/28/25); Ault 95.68% is VOTING power via Class B/preferred/warrants NOT Class A; insiders hold only ~8.75K actual Class A; DT os=485M is post-2025 dilution (lookahead).
GPUS,2025-05-21,2.22,2.228,high,10-Q cover / DEF 14A,2.22,2.23,high,10-Q 2025-05-20 cover (as of 5/19/25),"RE-DERIVED: O/S 2,227,566 Class A (May 19 special mtg approved Series B preferred conversion +521,210 Class A per 10-Q cover May 19); Ault & Co 8,249 + Ault personal 500 = 8,749 Class A excl (control); converted Series B to external holders (in float); float=2,218,817=2.22M","GPUS=Class A common; current Class A O/S 2.228M (10-Q cover as of 5/19/25, grew via ATM from 1.43M at 3/31); Ault control is via Class B/preferred voting NOT Class A; insiders ~8.75K actual Class A; DT os=485M is later dilution (lookahead)."
HCAI,2025-05-07,3.74,33.735,medium,424B4 IPO + AGM 6-K proxy (current O/S),1.725,31.725,high,424B4 2025-02-06 IPO + 6-K 2025-03-11 over-allotment,"Huachen AI Parking (Cayman/China, fresh Nasdaq IPO Feb-2025; no 20-F yet). Pre-IPO 30M ordinary (post 1-for-800 fwd split + 10M surrender). IPO 1.5M + 225k over-allotment (closed Mar 11) = 1.725M public; current O/S 33,735,000 (AGM proxy 6-K, record date Apr 10, +2.01M post-IPO equity-plan issuance). Excl all 5 pre-IPO insider BVI shells = 30,000,000 (CEO/Chairman Bin Lu's Huahao 18.95M + Huayue/Huaxuan/Huamao/Huajing). Float ~3.74M. DT 0.43M/1.16M is erroneous (mishandled fwd split).",Fresh China IPO (Huachen AI); float = public offering 1.5M + fully-exercised 225K over-allotment = 1.725M ordinary; total O/S 31.725M (30M pre-IPO founder SPVs excluded as controlled company); ordinary shares trade directly (no ADS); DT os=1.16M is a data error.
HCWB,2025-05-13,0.67,1.123,medium,DEF 14A cover / S-1 (post 1-for-40 reverse split),0.67,1.12,high,DEF14A 2025-04-28 table (post 1-for-40 reverse split),"HCW Biologics, nano-cap biotech post 1-for-40 reverse split (Apr 11 2025). Current O/S 1,123,371 (DEF 14A Apr 22 & S-1 May 9 agree; the S-1/A May-13 offering still PENDING/not closed at as_of). Excl D&O group ex-options 451,724 actual common (incl Founder/CEO Hing C. Wong 401,357, 36.9%). No external 5% institutions in table. Float ~0.67M. DT 6.24M/9.58M reflects post-May-13 offering close - ignore for PIT.","Single-class common; O/S 1,123,371 as of 4/22/25 (post 1-for-40 reverse split effected 4/11/25); excluded D&O group ex-options 451,724 (incl founder/CEO Hing Wong 401,357); no institutional 5% holders; S-1 offering effective 5/15 is after as_of; DT os=9.58M is later dilution."
HOLO,2025-05-27,80.0,81.99,low,424B5 2025-04-23 (post 40:1 consolidation),81.16,81.99,med,424B5 2025-04-23 acc 0001829126-25-002849,"MicroCloud Hologram. O/S 81,992,848 ordinary per 424B5 2025-04-23, post 40:1 consolidation eff Apr-21-2025 (+ prior 20:1/10:1) and serial ATM dilution. Float ~O/S (control Class A negligible post-consolidation). CORRECTED from erroneous 189.1M (pre-consolidation).","Current O/S 81,992,848 total ordinary (post 40:1 consolidation effected 2025-04-21); non-affiliate float 81,162,643 per same prospectus; excluded ~0.83M affiliate (Tiger Initiative + Lucky Monkey control entities incl 16M-pre/0.4M-post Class B + D&O); HOLO trades Class A ordinary directly (NOT ADS); DT 22.51M reflects later 2025/26 consolidations, ignored point-in-time."
HOLO,2025-05-28,80.0,81.99,low,424B5 2025-04-23 (post 40:1 consolidation),81.16,81.99,med,424B5 2025-04-23 acc 0001829126-25-002849,"MicroCloud Hologram. O/S 81,992,848 ordinary per 424B5 2025-04-23, post 40:1 consolidation eff Apr-21-2025. Float ~O/S. CORRECTED from erroneous 4.43M (424B5 offering size misread as O/S; that error flipped the <20M decision).","Current O/S 81,992,848 total ordinary (post 40:1 consolidation 2025-04-21); non-affiliate float 81,162,643; excluded ~0.83M affiliate control (Tiger Initiative + Lucky Monkey + D&O); HOLO trades Class A ordinary directly; DT 22.51M is later post-consolidation, ignored."
HSDT,2025-05-02,0.525,0.528,high,DEF 14A cover / 10-Q,0.525,0.528,high,DEF14A 2025-05-02 acc 0001104659-25-044128 + 10-Q acc 0001558370-25-006120,"O/S 528,061 (post 1-for-15 split, effective May 2 2025); D&O real shares 2,724 ex-options; Andreeff Maple Leaf funds (real shares ~2,224) and rest of D&O are negligible; float=525,337","Current O/S 528,061 post 1-for-15 reverse split effective 2025-05-02 (=10-Q 7,920,928 pre-split April 28 /15); excluded D&O group actual shares 2,724 (group beneficial 114,656 is mostly options); no external non-passive >5% holder; PIPE 1.32M pre-split already in count; DT 78.55M ignores split, grossly off."
IMCC,2025-05-30,2.4,3.09,medium,20-F Item 6/7,2.08,3.37,med,6-K 2025-05-27 acc 0001178913-25-001956 (early-warning post-Focus Txn) + 20-F,"Foreign 20-F. O/S 3,085,452 (as of 3/31/25). Excl D&O group 681,890 undiluted (2","Current O/S 3,366,971 Common Shares post Focus Transaction closed 2025-05-26 (was 3,085,452 in 20-F); excluded co-founder control block 1,288,032 undiluted = Shuster 769,507 + Gabay 389,682 + Ewave 128,843 (joint actors, counted once); IMCC trades Common Shares directly on Nasdaq, NOT ADS; no other large non-passive holder."
INFA,2025-05-23,,257.67,high,DEF 14A multi-class + 10-Q,103.9,257.67,high,DEF14A 2025-04-28 acc + 10-Q 2025-05-08,"Listed class = Class A common; O/S 257,674,620 (~259.5M current 10-Q). Even excl","Class A (traded) O/S 257,674,620; excluded Permira Funds 82.24M + CPP Investments 64.38M (sponsor control groups w/ board seats + Class B super-voting) + D&O group 7.15M; KEPT Wellington 13.16M (passive 13G); multi-class, only Class A counted."
ISPO,2025-05-30,7.72,12.44,high,DEF 14A; 20:1 reverse split baked in,6.73,12.44,med,DEF14A 2025-04-24 + 10-Q 2025-05-08 acc 0001820566-25-000063,"Class A O/S 12,440,577 (10-Q 2025-05-08 ~12.44M). Excl D&O group 7,783,717 minus","Class A O/S 12,440,577 (post 20:1 reverse split; incl 2,857,635 Class B->A mandatory exchange, no Class B left); excluded D&O group ex-derivatives ~4.71M (Zamani control 4.42M actual ex-3.06M warrants) + co-founder Brent Handler 1.01M; KEPT Stoney Lonesome HF 0.92M + Kleiner Perkins 0.59M (passive 13D, no board seat); if those 2 excluded float ~5.21M (matches DT 5.24M)."
JTAI,2025-05-27,2.4,2.55,medium,10-Q cover current O/S (post 1:225 reverse split),2.52,2.55,high,10-Q 2025-05-15 acc 0001641172-25-010861 + 10-K 2025-03-26 ownership,"Proxy stale (Aug-2024, pre-split). Current O/S 2,551,256 (10-Q cover, as of 5/13","Current O/S 2,551,256 (As of May 13 2025; post 1-for-225 reverse split eff 2024-11-12 + multiple offerings); excluded D&O group ~31K actual shares (Winston 29,740 + others ex-options, group beneficial 40,067); Ionic Ventures 242,730 are convertible-note conversion shares NOT outstanding (not excluded); old SPAC sponsor OAC diluted below 5%; nearly all float."
KIDZ,2025-05-02,0.0,6.54,high,de-SPAC 8-K post-closing ownership table + 10-K cover,16.2,16.74,low,10-K 2025-04-29 acc 0001929980-25-000325 cover + 13D/13G + 424B3,"Listed class = Class A common (8-A12B Nasdaq), O/S 6,535,014. Post-closing table","Classover de-SPAC (BFAC merger ~Apr 2025); traded class is Class B Common Stock (KIDZ) O/S 16,743,342 as of Apr 28 (grew from 5.96M at closing via preferred/note conversions); founder/CEO Hui Luo controls via 6.535M Class A separate class (not in Class B float) + locked to 2026; excluded insider Class B ~0.46M (Peng Yanling); KEPT 13G passive 2.91M + note-investor conversion shares; DT 7.94M reflects superseded closing-era count."
KRNT,2025-05-14,44.5,45.33,high,20-F item7,44.9,45.33,high,20-F 2025-03-27 acc 0001013762-25-003018,"Kornit Digital (Israel), ordinary shares (NOT ADS). 20-F 2025-03-27: 45,327,503 ","O/S 45,327,503 ordinary shares (excl 5,773,222 treasury) as of Feb 28 2025; KRNT trades ordinary shares directly on Nasdaq, NOT ADS (ADS signal is false positive, no division); D&O group <1% (negligible, ~<0.45M) excluded; ALL 5% holders are passive 13G/13F (Morgan Stanley 3.56M, Artisan 3.33M, Senvest 4.23M, Chicago Capital 2.49M) KEPT."
LAES,2025-05-22,118.5,124.5,high,20-F item7 + 6-K dilution,108.5,114.51,med,424B5 2025-05-06 acc 0001193805-25-000612 + 20-F,"SEALSQ, ordinary shares (1:1). 20-F basis 104,508,901 ordinary (Mar 17 2025) + t","Current O/S 114,508,901 Ordinary Shares (104,508,901 as of May 5 + 10M from May 6 424B5 offering closed); LAES/SEALSQ trades Ordinary Shares directly on Nasdaq, NOT ADS (signal is false positive, no division); excluded parent WISeKey 6,001,200 ordinary (control, 52.86% voting via Class F); active 00M ATM launched May 19 may add more by May 22 (unquantified); DT 222.77M is a year of later ATM dilution."
LICN,2025-05-12,0.715,0.762,high,20-F item7 (14d old),0.715,0.717,high,"20-F 2025-04-28 (FY24), post 1:200 reverse split","Lichen International (China), ordinary shares. 20-F 2025-04-28 (current): 716,82","Current O/S=716,825 Class A (traded class) per 20-F dated 2025-04-28, post-Feb/Mar-2025 1:200 reverse split; excluded D&O group 1,551 Class A; Class B (45,000, Ya Li/Silver Sky control) is a separate non-traded class; not an ADS (Class A ordinary trades directly on Nasdaq); DT 16.33M O/S reflects post-May-2025 dilution."
LICN,2025-05-13,0.715,0.762,high,20-F item7 (15d old),0.715,0.717,high,"20-F 2025-04-28 (FY24), post 1:200 reverse split","Carried from 2025-05-12; O/S 716,825 Class A + 45,000 Class B = 761,825 (unchanged per 20-F Apr-28). Founder Ya Li controls all Class B via Silver Sky BVI. Float = 716,825 Class A - 1,551 D&O Class A = 715,274 = 0.715M.","Current O/S=716,825 Class A (traded class) per 20-F dated 2025-04-28, post-Feb/Mar-2025 1:200 reverse split; excluded D&O group 1,551 Class A; Class B (45,000, Ya Li/Silver Sky control) is a separate non-traded class; not an ADS (Class A ordinary trades directly on Nasdaq); DT 16.33M O/S reflects post-May-2025 dilution."
LITM,2025-05-28,94.5,101.7,high,424B5 (Apr 16) current O/S; 20-F table stale,7.78,7.82,med,6-K 04-30/05-02 1:13 reverse split + 424B5 04-17 O/S,"Snow Lake Resources (Canada), common shares. 20-F table (211d stale) showed 20.3","Snow Lake Resources (Canadian, common shares NOT ADS); O/S=7.82M post 1-for-13 reverse split effective 2025-05-02 (101.7M pre-split per 424B5 04-17 div 13 = 7.82M); Nova Minerals divested to 0% per 13D/A 01-02-2025; excluded residual D&O group ~0.04M (524,882 pre-split div 13, mostly options/RSUs); essentially all-public micro-cap."
LPA,2025-05-22,3.23,31.67,high,20-F item7 + Q1 6-K O/S,3.18,31.62,high,20-F 2025-04-02 + 424B3 05-06 O/S (de-SPAC),"Logistic Properties of the Americas (de-SPAC), ordinary shares (1:1). O/S ~31.67","Logistic Properties of the Americas de-SPAC, Ordinary Shares NOT ADS; O/S=31.62M outstanding as of Apr 25 2025 per 424B3 05-06 (resale registration, not new issuance); excluded JREP/Latam/Jaguar control block 26.312M (=Thomas McDonald D&O group, same shares) + HC PropTech sponsor (Hennessy) 2.131M; float 3.18M; matches DT 3.34M."
LPA,2025-05-23,3.23,31.67,high,20-F item7 + 424B3 O/S (Apr-25) + 6-K May-22,3.18,31.62,high,20-F 2025-04-02 + 424B3 05-06 O/S (de-SPAC),"Carried from 2025-05-22; O/S 31,622,311 per 424B3 (Apr-25); May-22 6-K is press release only, no share issuance. JREP 26,312,000 (83.2%) + HC PropTech 2,130,693 (6.7%) excl. Float=3.23M unchanged.","Logistic Properties of the Americas de-SPAC, Ordinary Shares NOT ADS; O/S=31.62M outstanding as of Apr 25 2025 per 424B3 05-06 (resale registration, not new issuance); excluded JREP/Latam/Jaguar control block 26.312M (=Thomas McDonald D&O group, same shares) + HC PropTech sponsor (Hennessy) 2.131M; float 3.18M; matches DT 3.34M."
LUNR,2025-05-13,107.0,117.14,high,"10-Q (Class A, traded class)",107.7,117.33,med,"10-Q 2025-05-13 cover (Class A, as of May 8 2025)","Intuitive Machines, US multi-class. LUNR = Class A (Nasdaq). 10-Q 2025-05-13: Cl","Intuitive Machines Up-C de-SPAC; LUNR=Class A traded class, O/S Class A=117.33M (as of 2025-05-08); Class C (61.3M founder OpCo-unit control class, Ghaffarian/Altemus/Crain) not traded and excluded from Class A basis; subtracted D&O-group Class A 9.63M (incl some RSUs/pref-conversion; real held ~5M); float ~108-112M well above 20M; DT 135M counts a broader basis."
LYFT,2025-05-09,400.0,409.0,high,10-Q (Class A) + DEF 14A table,407.5,412.11,high,10-Q 2025-05-08 cover + 2025 DEFC14A ownership,"Lyft, US mega-cap, dual-class. Class A O/S ~409M (10-Q 2025-05-08; proxy 394.6M ","Lyft Class A is the traded class; O/S Class A=412.11M (as of May 5 2025 per 10-Q); excluded D&O group Class A 4.65M; founder Class B 8.53M (Green/Zimmer, 20-vote control class) is separate non-traded; KEPT passive Vanguard 32.1M & Fidelity 30.6M; float ~407.5M, far above 20M."
MAXN,2025-05-13,6.84,16.9,high,20-F item7 (13d) post 1:100 reverse split,6.85,16.90,high,20-F 2025-04-30 (FY24) + 13D/A 04-10; post 1:100 reverse split,"Maxeon Solar (Singapore), ordinary shares (NOT ADS; 1:1 verified). 20-F 2025-04-","Maxeon Solar (Singapore, ordinary shares NOT ADS); current O/S=16.90M outstanding as of Apr 21 2025 (already reflects 1-for-100 reverse split); excluded TZE/Zhonghuan Singapore control block 9.96M (59.0%, per 13D/A) + D&O individuals ~0.085M; float 6.85M; matches DT 6.73M."
MDCX,2025-05-14,11.3,11.82,high,10-K/A ownership / 10-Q cover,9.10,13.49,med,10-Q 2025-05-12 cover (May 8 O/S) + 10-K/A Part III ownership,"O/S 11,816,721 (10-Q May 12); post 1-for-2 consolidation. D&O real shares ~534K post-split (Bokhari RBx 793K pre=397K post + minor shares); Melani 1.66M post-split = passive 13G (KEEP); Raju 1.0M post-split <20% (KEEP); float ~11.3M. Med conf due to split reconciliation complexity","Medicus Pharma (recent listing, common shares); O/S=13.49M as of May 8 2025 per 10-Q cover; excluded D&O group ex-options 1.067M (1,825,097 group minus 758,000 options/warrants) + Dr. Kenneth Melani/Velocity Fund 3.324M (24.8%, >20% non-passive); KEPT (judgment) Raju/215 Capital 2.0M (14.9%) and Hathaway/SkinJect 0.80M (6.0%) as sub-20% non-board holders; float 9.10M (alt 6.30M if those pre-IPO blocks excluded); both <20M. DT 48M is post-dilution 2026 snapshot."
MLGO,2025-05-07,22.35,69.08,med,20-F ownership,22.35,24.20,med,20-F 2025-04-28 Item 6.E ownership (as of Apr 25 2025),"O/S 69,076,285 ordinary (24.2M Class A + 44.9M Class B); no ADS (20-F Item 12D confirms); WiMi Hologram Cloud excl 46,728,919 (parent/control 67.6%); float 22,347,366=22.35M; DT 12.44M os likely reflects post-May reverse split not yet occurred","MicroAlgo, Class A Ordinary is traded class (NOT ADS - 20-F states no ADS); current O/S Class A=24.198M as of Apr 25 2025 (up from 13.1M at Dec31 2024 via Q1-2025 issuance); excluded WiMi/Jie Zhao parent control 1.851M Class A (also holds 100% of 44.878M Class B non-traded control class); float 22.35M (just over 20M). DT os 12.44M/float 3.44M reflects a LATER reverse split + looser methodology - point-in-time differs; flagged."
MRNO,2025-05-05,1.41,79.24,high,20-F ownership,1.41,79.24,high,20-F/A 2024-12-31 Item7,"O/S 79,242,873 ordinary (20-F Apr 2024; no later 20-F filed); Elias Sacal Cababie 69,100,000 (87.2% founder/CEO excl); Shawn Matthews/HCM 8,737,500 (11.0% SPAC director excl); Linden Capital 700K (passive 13G KEEP); float 1,405,373=1.41M","O/S 79.24M ordinary (20-F/A, latest disclosed <=as_of; trades ordinary directly NOT ADS, ratio flag false-positive); excluded D&O group 77.84M = Elias Sacal Cababie founder/CEO 69.1M + HCM Holdings/Matthews director 8.74M; no passive insts; float well under 20M (DT 3.88/81.72)."
MTAL,2025-05-27,80.3,82.46,med,"20-F item7 (ordinary/CDI, no ADS)",80.32,82.46,high,20-F 2025-03-28 Item7,"Metals Acquisition Ltd / MAC Copper (Jersey copper miner, CIK 1950246; company_tickers maps MTAL to unfiled SPAC II 2107724 — ticker reuse, point-in-time guard fixed). O/S 82,462,034 ordinary (20-F as of Feb 28 2025); excl D&O group 2.14M; kept Glencore 12.1%, AustralianSuper 6.9%, Fourth Sail 6.3%, BlackRock 5.2% (all <20%, non-board).","O/S 82.46M ordinary (20-F, as of 2025-02-28; Jersey co on NYSE trades ordinary directly NOT ADS); excluded only D&O group 2.14M; Glencore 12.1% strategic but <20% so kept, United Super/Fourth Sail/BlackRock passive kept; float ~80M >20M; Harmony merger 6-K 2025-05-27 is future event, O/S unchanged."
MTEN,2025-05-06,2.74,6.84,high,20-F ownership,2.74,6.84,high,20-F 2025-04-30 Item7,"O/S 6,839,600 ordinary (20-F Apr 30 2025); Yingkai Xu via YK Xu Holding BVI 2,091,000 (CEO/founder excl); Jingzhu Ding via DJZ Holding BVI 2,009,000 (director/spouse acting-in-concert excl); float 2,739,600=2.74M","O/S 6.8396M ordinary (20-F as of 2025-04-15; the 5B is AUTHORIZED not O/S, rescale flag false-positive; trades ordinary directly NOT ADS); excluded founder D&O group 4.10M = Yingkai Xu+spouse Ding via BVI shells YK Xu Holding 2.091M + DJZ Holding 2.009M; no passive insts; float ~2.74M <20M; DT 16.36/20.26 is post-May-2025 dilution, point-in-time O/S much smaller."
MTEN,2025-05-07,2.74,6.84,high,20-F ownership,2.74,6.84,high,20-F 2025-04-30 Item7,"carried from 2025-05-06; no intervening O/S change (current O/S still 6,839,600 per 20-F Apr 30 2025; no new 6-K between May 6-7)","O/S 6.8396M ordinary (20-F as of 2025-04-15; the 5B is AUTHORIZED not O/S, rescale flag false-positive; trades ordinary directly NOT ADS); excluded founder D&O group 4.10M = Yingkai Xu+spouse Ding via BVI shells YK Xu Holding 2.091M + DJZ Holding 2.009M; no passive insts; float ~2.74M <20M; DT 16.36/20.26 is post-May-2025 dilution, point-in-time O/S much smaller."
NEGG,2025-05-14,0.48,19.48,high,20-F 2025-04-28 Item7,1.59,19.48,high,20-F 2025-04-28 Item7,"O/S 19,478,394 (post 20:1 share combination Apr-7 2025). D&O group 18,995,892 (89.8%): Zhitao He 11,874,949 (61%) + Fred Chang 6,368,460 (32.7%) both control blocks. Float=19,478,394-18,995,892=482,502=0.48M.","O/S 19.478M common (20-F cover, post 20-for-1 combination eff 2025-04-07; common not ADS); excluded D&O group ex-options ~17.89M = Zhitao He/Digital Grid control 11.17M + Fred Chang/Tekhill 5.97M + other D&O ~0.75M (options/warrants ~1.1M removed); no passive insts; float ~1.59M <20M; DT 1.27/20.97 consistent."
NTCL,2025-05-02,4.31,17.11,medium,20-F 2025-02-18 + S-8/6-K Apr-29 issuance,5.03,15.83,med,20-F 2025-02-18 Item7,"O/S 15,760,000 (20-F) + 1,350,000 Class A issued Apr-29 under S-8 (6-K May-6) = 17,110,000. Excl Dragonsoft/Dai 8,369,500 (CEO founder, 48.9%) + Lang Wide/Sze Kok 4,435,500 (13D filer, 25.9% >20% non-passive). Float=17,110,000-8,369,500-4,435,500=4,305,000=4.31M.","Listed Class A; O/S 15.83M Class A (20-F, latest filed <=as_of; trades Class A ordinary directly NOT ADS); excluded Dai/Dragonsoft founder 6.37M Class A + Lang Wide/Sze Kok BVI shell 4.44M (28% control affiliate) = 10.805M; float ~5.03M <20M; DT 43.64/57.94 is post-as_of 2026 dilution (>2x DT divergence explained)."
NTCL,2025-05-06,4.31,17.11,medium,20-F 2025-02-18 + S-8/6-K Apr-29 issuance,6.38,17.18,med,20-F + 6-K 2025-05-06,"Carried from 2025-05-02; O/S 17,110,000 unchanged (6-K May-6 reports the Apr-29 issuance, no further change). Same exclusions.",Listed Class A; O/S 17.18M Class A = 15.83M (20-F) + 1.35M incentive shares issued 2025-04-29 (6-K filed 2025-05-06); trades Class A directly NOT ADS; excluded Dai/Dragonsoft 6.37M + Lang Wide/Sze Kok BVI 4.44M = 10.805M; incentive 1.35M kept in float (recipients unspecified); float ~6.38M <20M; DT 43.64/57.94 post-as_of dilution.
NUKK,2025-05-20,3.51,5.03,high,10-KT cover + Item-12 ownership (as of Apr 15 2025),3.35,5.03,med,10-KT 2025-05-08 cover + PRE14A,"Nukkleus. Post 8:1 reverse split. Current O/S=5,026,363 (10-KT 2025-05-08, May 1","O/S 5,026,363 common (10-KT cover as of 2025-05-01, post 8:1 reverse split & dilution; listed common, Class B 9.25M is separate non-listed class); excluded D&O group ex-warrants ~1.01M (Shalom 0.5M + dirs + Kotaieva/X Group 0.47M) + Emil Assentato founder/ex-chairman 0.671M = 1.68M; East Asia/Nukk Notes <20% kept; float ~3.35M <20M; no DT anchor."
NVTS,2025-05-27,133.7,191.81,high,"10-Q cover (2025-05-09) Class A + DEF14A ownership (stale 396d, O/S only grew)",133.70,191.81,high,10-Q 2025-05-09 + DEF14A,"Navitas Semiconductor. Current Class A O/S=191,807,786 (10-Q). D&O group 58,103,","O/S 191.81M Class A common (10-Q cover; single class, Class B=0); excluded D&O group ex-options 58.10M (captures control affiliates Singh/SiCPower 24.9M, Atlantic Bridge/Long, Capricorn-Libra/Saluja, Live Oak/Hendrix); proxy 396d stale but float ~134M >>20M so insensitive; new 0M ATM (424B5 2025-05-27) not yet issued; DT 172.54/233.71 is post-as_of dilution."
OCG,2025-05-07,18.5,19.07,medium,F-3 (2024-12-05) stated O/S + 6-K events; 20-F ownership (stale),17.16,19.07,med,F-3 2024-12-05 O/S + 6-K 2025-05-02 + 20-F table,"Oriental Culture Holding (Cayman, ordinary shares, not ADS). F-3 states O/S=18,5","O/S ~19.07M ordinary = 18,569,340 (F-3 as of 2024-12-04, post 14M-share offering dilution) + 0.5M stock award 2025-04-28; trades ordinary directly NOT ADS; excluded small insider set ~1.91M = D&O group 0.434M + CEO/employee grants ~0.5M + 2 BVI affiliate SPVs Kong+Gao 0.98M; selling-shareholder offering shares are public float; float ~17.2M <20M; DT 1.94/1.94 reflects a POST-as_of reverse split (~1:10), point-in-time O/S ~10x larger."
OM,2025-05-08,17.3,17.72,high,10-Q cover (2025-05-07) + DEF14A ownership (post reverse split),17.38,17.72,high,10-Q 2025-05-07 cover + DEF14A 2025-04-11,"Outset Medical. Current O/S=17,722,035 (post reverse split). D&O group 418,059 (","Current O/S 17,722,310 common (10-Q cover, May 2 2025, post reverse-split & preferred conversion); excluded D&O group ex-options 342,100; kept all 5% holders (FMR/Durable/Alyeska/PFM/T.Rowe/Woodline/Perceptive) as passive 13G institutions."
OSCR,2025-05-07,200.0,255.0,high,DEF14A multi-class ownership (Class A + Class B),197.94,218.99,high,DEF14A 2025-04-25 cover (Class A),Oscar Health. Dual-class; public Class A O/S ~220M (Dragoneer 22.2M = 10.1% of C,"Listed class is Class A; Class A O/S 218,993,334 (record date ~Apr 10 2025); excluded D&O-as-a-group Class A 21,050,331 (incl Thrive/Kushner 10.5M Class A); kept Vanguard/BlackRock/Dragoneer/Deerfield/T.Rowe as passive; Class B 35.5M is a separate unlisted class; float well above 20M."
OUST,2025-05-09,50.1,53.79,high,"DEF14A cover/ownership (post 1:10 reverse split, Apr 10 2025) + S-3 dilution",51.67,53.79,high,10-Q 2025-05-09 cover + DEF14A 2025-04-28,"Ouster. Current O/S=53,792,598 (post 1:10 reverse split); S-3 2025-05-02 added 3","Current O/S 53,794,970 common (10-Q cover May 2 2025, post 1-for-10 reverse split); excluded D&O-group ex-options 2,120,553 (founders Pacala/Frichtl inside group); kept Vanguard 3.48M & BlackRock 3.07M passive 13G; float well above 20M."
PBM,2025-05-05,3.5,4.53,medium,6-K annual-meeting quorum statement (O/S as of Mar 17 2025) + 20-F ownership (stale),3.85,4.53,high,F-3 2025-03-04 + 13D/A 2025-03-25 + 6-K 2025-04-23,"Psyence Biomedical (foreign, 20-F filer). Current O/S=4,527,128 Common Shares (6","Current O/S 4,527,128 Common Shares (post 75-for-1 consolidation Nov 26 2024); excluded parent/control Psyence Group Inc. 678,722 (13D, 14.99%); float = F-3 non-affiliate public float 3,848,406; D&O hold 0 directly; further 50-for-1 split only proposed (future vote), not yet effective."
PBM,2025-05-05,3.85,4.53,high,F-3 2025-03-04 + 13D/A 2025-03-25 + 6-K 2025-04-23,0.50,0.58,med,6-K 2025-05-06 press rel + 13D/A 2025-05-12,"Current O/S 4,527,128 Common Shares (post 75-for-1 consolidation Nov 26 2024); excluded parent/control Psyence Group Inc. 678,722 (13D, 14.99%); float = F-3 non-affiliate public float 3,848,406; D&O hold 0 directly; further 50-for-1 split only proposed (future vote), not yet effective.","1-for-7.97 reverse split effective at market open May 5 2025; post-split O/S ~583,263 (pre-split 4,648,610); parent Psyence Group Inc. ~85,160 post-split (selling out May 2-9) excluded; D&O hold 0; serial split (also Nov-2024 75-for-1 prior)."
PBM,2025-05-19,3.5,4.53,med,carried/20-F,0.58,0.58,med,6-K 2025-05-06 press rel + 13D/A 2025-05-12,Carried from 2025-05-05; no O/S issuance found between May 5-19 (6-Ks have no O/S data; F-3 shelf effective but no proceeds); PGI parent ~30.2% control block excluded; foreign issuer (Canadian),"Post 1-for-7.97 reverse split (eff May 5 2025) O/S ~583,263; parent Psyence Group Inc. SOLD ALL shares May 2-9 (now 0%, per 13D/A May 12) so no affiliate to exclude; D&O hold 0 directly; float ~= O/S; warrant-exercise drift possible."
PBM,2025-05-30,3.5,4.53,med,carried/20-F,0.58,0.58,med,6-K 2025-05-06 press rel + 13D/A 2025-05-12,Carried from 2025-05-05; no O/S issuance between May 5-30 (6-Ks have no O/S data); PGI parent ~30.2% control block; O/S ~4.53M (F-3 basis Mar 2025); foreign issuer,"Post 1-for-7.97 reverse split (eff May 5 2025) O/S ~583,263; parent Psyence Group Inc. fully sold out (0%); D&O hold 0; float ~= O/S; warrant-exercise drift possible."
PGY,2025-05-08,40.5,75.71,high,10-Q cover (2025-05-07) + DEF14A multi-class ownership,42.06,63.06,high,10-Q 2025-05-07 cover (Class A) + DEF14A 2025-04-30,"Pagaya Technologies (Israel). Public Class A O/S=63,055,282 (10-Q); Class B 12,6","Listed class Class A Ordinary (Israeli, trades directly not ADS); Class A O/S 63,055,282 (Apr 30 2025); excluded D&O-group Class A 2,275,545 + board-affiliated VC Viola Ventures 8,175,776 + Oak HC/FT 10,540,877; kept BlackRock 3.21M & GIC 3.66M passive; Class B 12.65M separate unlisted class; float well above 20M."
PRE,2025-05-21,10.5,12.98,high,20-F (2025-04-30) Item 7,9.60,11.45,med,20-F 2025-04-30 (Item 7),Prenetics. Trades Class A ORDINARY directly under 'PRE' (20-F: ADS 'Not applicab,"Listed class A Ordinary (trades directly; 20-F says ADS Not Applicable - ADS flag false positive, NO division); Class A O/S ~11,453,009 (Apr 24 2025, post 1-for-15 reverse split); total ordinary 12.98M incl 1.58M Class B founder super-voting; excluded D&O-group Class A 889,780 + principal holder Lo Yuk Ming Dennis 962,963; kept Prudential HK passive; float <20M (DT os 16.87M is later snapshot)."
PRE,2025-05-22,10.5,12.98,high,carried/20-F,9.60,11.45,med,20-F 2025-04-30 (Item 7),"Carried from 2025-05-21; O/S 12.98M (20-F Apr 30, 2025 post 1-for-15 reverse split); D&O group 2.47M excl; float=10.51M; no new filing May 21-22; multi-class (Class A+B) / foreign (Hong Kong)","Listed class A Ordinary (trades directly; 20-F says ADS Not Applicable - ADS flag false positive, NO division); Class A O/S ~11,453,009 (Apr 24 2025, post 1-for-15 reverse split); total ordinary 12.98M incl 1.58M Class B founder super-voting; excluded D&O-group Class A 889,780 + principal holder Lo Yuk Ming Dennis 962,963; kept Prudential HK passive; float <20M (DT os 16.87M is later snapshot)."
QMCO,2025-05-19,5.3,6.53,high,DEF 14A cover (2025-03-27),6.66,6.95,med,424B3 2025-04-29 cover + DEF14A 2025-03-27 + 13D/A 2025-04-17,"Quantum Corp. O/S=6,526,782 as of 3/13/25 (1-for-20 reverse split Aug-2024 alrea","Current O/S 6,949,763 (424B3, Mar 18 2025, post 1-for-20 reverse split Aug 2024); excluded D&O-group 294,326; PIMCO/Blue Torch (was 14.7%, 13D control lender) SOLD ALL shares Apr 15 2025 -> 0%, NOT excluded; kept Long Focus 458,041 & ADK Soho 382,718 passive; no 10-Q in window; DT os 25.26M is later (2026) snapshot after heavy ATM dilution."
QVCGB,2025-05-06,0.58,8.93,high,"DEF 14A ownership table (2025-03-28), Series B class",0.77,9.11,high,DEF14A 2025-03-28,"QVC Group SERIES B (high-vote class). Class B O/S=8,927,840 (1/31/25). Maffei (C","QVCGB Series B supervoting class: record-date O/S 9,114,716; exclude Maffei (Chairman) 8,345,664 = 89.4% of series (D&O group QVCGB 8.346M, all Maffei); reverse split proposed in proxy but NOT yet effected as_of."
QVCGB,2025-05-07,0.77,9.11,med,10-Q cover/DEF14A,0.77,9.11,high,DEF14A 2025-03-28,"O/S 9.11M QVCGB (10-Q cover Apr 30, 2025); Maffei (Chairman) holds 8,345,664 (89.4% of Jan 31 basis) excluded; float=9.11-8.35=0.76M; new O/S vs prior Jan 31 basis reflects compensation issuances; multi-class (QVC Group B series)","QVCGB Series B supervoting class: record-date O/S 9,114,716; exclude Maffei (Chairman) 8,345,664 = 89.4% of series; reverse split proposed but NOT yet effected as_of."
RAIN,2025-05-12,3.0,7.47,high,"10-K cover (2025-04-15), Class A",3.09,7.53,med,10-K 2025-04-15 + 424B3 2025-04-25,"Rain Enhancement Tech (de-SPAC Dec-2024). Class A O/S=7,471,678 (traded class). ","RAIN=Class A of de-SPAC Rain Enhancement; Class A O/S 7,528,761 (post-PIPE, per 424B3); excluded RWT founders You(1.45M real)+Dacier(1.86M)+de Masi(0.092M real, all ex-options)+Coliseum Sponsor(1.02M)+Dickerson(0.018M)=4.44M; kept passive Meteora/Stevenson/ColoredRings."
RDIB,2025-05-15,0.37,1.68,high,"DEF 14A ownership table (2024-10-25) + 10-Q O/S (2025-05-15), Class B",0.47,1.68,med,10-K/A 2025-04-30 (as of 2025-03-28),"Reading International SERIES B (voting class, ticker RDIB). Class B O/S=1,680,59","RDIB=Reading Intl CLASS B VOTING (the ticker's class), O/S 1,680,590; exclude Cotter family control 1,208,988 (71.9%, dedup of Margaret/Ellen/Estate/Living-Trust overlap); KEEP Mark Cuban 172,355 (activist, no board seat) + GAMCO 119,530 (passive 13G). DT os 22.72/float 18.81 is the Class A (RDI) non-voting basis - DT mismapped RDIB."
RENT,2025-05-12,3.2,3.83,high,"10-K cover (2025-04-15), Class A",3.30,3.83,med,10-K cover 2025-04-11 + DEF14A 2024-05-23,"Rent the Runway. Current 10-K O/S=3,825,951 Class A (+155,544 Class B) as of 4/1","RENT=Rent the Runway Class A; current O/S 3,825,951 (10-K cover Apr-11-2025, post 1-for-20 reverse split); exclude D&O group ex-RSU 121,222 + Bain Capital Ventures 408,820 (Scott Friend board seat); KEEP Goldstone/Highland/TCV/T.Rowe (no board seats). DT os 33.59M is pre-split/later-diluted basis."
RUM,2025-05-09,111.0,214.82,high,"10-Q cover (2025-05-08), Class A; DEF 14A ownership (2025-04-25)",113.4,338.63,med,DEF14A 2025-04-25 + 10-Q 2025-05-08,"Rumble. Class A (traded) O/S=214,817,160 (proxy's 338.6M includes 123.7M as-exch","RUM=Rumble Class A; as-converted economic O/S 338.63M (Class A 214.8M + ExchangeCo/Class-C 123.69M per 10-Q); excluded D&O group as-converted ex-options 121.88M (Pavlovski et al, incl ExchangeCo) + Tether strategic 103.33M (30.5%, non-passive >20% PIPE investor); Class D/C non-economic voting not counted. Float >>20M. DT keeps Tether -> float 211.5M; I exclude per >20% non-passive rule."
SAGT,2025-05-29,1.75,14.3,med,424B4/20-F IPO,3.84,12.55,high,20-F 2025-04-30 + 424B4 2025-03-07,"Fresh IPO Mar 7, 2025; offering 1,750,000 ordinary shares; pre-IPO 12.55M + 1.75M = 14.3M O/S; controlling shareholder Ng Chen Lok 68% pre-IPO; float=offering size 1.75M; foreign (Malaysian BVI); no ADS (ordinary shares direct listed on Nasdaq)","SAGT=Sagtec Global, BVI, trades ORDINARY shares directly (ADS flag FALSE POSITIVE - no ADS, no division); post-IPO O/S 12,550,000 (10.8M pre-IPO + 1.75M IPO at $4); excluded D&O group 8,707,600 (69.38%, Ng Chen Lok founder/CEO 8.54M + Zuria 0.17M); no other 5% holders. May 6-Ks were business/board news, no new shares. DT os 19.65M is later post-offering snapshot."
SATL,2025-05-02,54.7,88.88,med,10-K/8-K multidoc,48.63,83.47,med,10-K 2025-03-26 (ownership as of 2025-03-14),Class A O/S: 82.43M (10-K Dec 31) + 6.45M (Apr 15-16 registered direct) = 88.88M; Liberty (Mnuchin) 20M excl (strategic >20%); Cantor/Lutnick 13.38M excl (SPAC sponsor/board); D&O other ~0.8M excl; float~54.7M; ATM may add more (med conf); multi-class A+B,"SATL=Satellogic Class A (trades ordinary Class A directly, no ADS); current Class A O/S 83,474,479 (10-K cover Mar-14-2025); excluded D&O group ex-options/warrants 20.93M (Mnuchin/Liberty 20M real shares excl 22.5M warrants + small D&O) + Cantor Fitzgerald sponsor 13.91M (12.8%); KEPT Pitanga 10.59M (13G passive) + Hannover 7.51M (13D, no board seat); Class B (Kargieman 13.58M) not in traded float. Float>>20M. DT os 143M is later-diluted snapshot."
SBET,2025-05-23,0.64,0.69,med,10-Q/424B4 post-split,0.66,0.70,med,10-Q 2025-05-15 + 424B4/8-K 2025-05-20,"Reverse split (approx 1-for-10) pre-May 15; O/S 659,684 (10-Q May 15) + 34,000 (May 20 8-K) = 693,684 (~0.69M); D&O ~52K post-split excl; Alpha Capital kept (passive fin); PFWs from May 20 offering not yet exercised; float~0.64M; REVERSE SPLIT flag","SBET=SharpLink pre-Consensys-PIPE; 1:12 reverse split effected May 5 2025 (7,916,206->659,684); O/S ~698,498 (659,684 post-split + 34,000 May-20 offering shares; 1.49M pre-funded warrants NOT counted); excluded D&O group ~43.3K (520,098 pre-split /12); KEPT Alpha Capital ~45.8K (passive PIPE, 9.99% limit). Consensys $425M PIPE filed May-30 (AFTER as_of) - DT os/float 197M is post-PIPE, NOT point-in-time."
SBET,2025-05-27,0.64,0.69,med,carried/424B4,0.66,0.70,med,10-Q 2025-05-15 + 424B4/8-K 2025-05-20,Carried from 2025-05-23; no new filings May 23-27; O/S ~0.69M; PFWs from May 20 offering still not exercised per filings; float~0.64M; REVERSE SPLIT flag,"SBET=SharpLink pre-Consensys-PIPE; 1:12 reverse split May 5 2025 (7,916,206->659,684); O/S ~698,498 (post-split + 34,000 May-20 offering; pre-funded warrants not counted); excluded D&O group ~43.3K; KEPT Alpha Capital ~45.8K (passive). Consensys $425M PIPE 8-K filed May-30 (AFTER this as_of) - DT 197M is post-PIPE, not point-in-time."
SEDG,2025-05-08,58.62,59.04,high,10-Q/DEF14A,58.62,59.04,high,10-Q 2025-05-08 + DEF14A 2025-04-21,"O/S 59.04M (10-Q 2025-05-08 / DEF 14A Apr 21); D&O group 418,886 (<1%) excl; all 5%-holders passive 13G (BlackRock 15.2%, GMO 8.4%, Vanguard 5.4%); float=58.62M; Israeli company (Nasdaq-listed)","Current O/S 59.04M (10-Q, 59,043,817 as of Mar 31 2025); US Delaware filer trades common directly (no ADS despite Israel HQ); excluded D&O group 0.42M; kept all 5% holders (BlackRock/GMO/Vanguard/Jane St/Susquehanna all passive 13G)."
SLGL,2025-05-05,8.07,27.86,high,20-F/6-K,1.15,2.79,high,20-F 2025-04-29 + 6-K 2025-05-05 (1:10 reverse split eff May 5),"O/S 27,857,620 ordinary shares (20-F Apr 29, post 1-for-10 reverse split); direct ordinary listing (no ADS per 20-F); D&O group 19.79M excl (incl Moshe Arkin/Arkin Dermatology 18.31M control block); Phoenix Holdings 8.87% kept (passive 13G); float=8.07M; Israeli company; NOTE: DT shows 3.27M os (June 2026 basis, reflects post-May reverse split — DT-divergent vs point-in-time)","1-for-10 reverse split effective May 5 2025: O/S 27.86M->2.786M; SLGL trades ordinary directly (ADS flag false positive, no division); excluded D&O group ex-options/warrants 16.35M ord /10 = 1.635M (Moshe Arkin/Arkin Dermatology control 61%); kept Phoenix Holdings 8.87% (passive 13G)."
SLGL,2025-05-06,8.07,27.86,high,carried/20-F,1.15,2.79,high,20-F 2025-04-29 + 6-K 2025-05-05 (1:10 reverse split eff May 5),Carried from 2025-05-05; no new filing May 5-6 (only CORRESP); O/S still 27.86M ordinary; float=8.07M,"1-for-10 reverse split effective May 5 2025: O/S 27.86M->2.786M; SLGL trades ordinary directly (ADS flag false positive, no division); excluded D&O group ex-options/warrants 16.35M ord /10 = 1.635M (Moshe Arkin/Arkin Dermatology control 61%); kept Phoenix Holdings 8.87% (passive 13G)."
SMR,2025-05-13,129.46,133.03,med,10-Q/DEF14A,131.98,133.03,high,10-Q 2025-05-12 + DEF14A 2025-04-09,Class A O/S 133.03M (10-Q 2025-05-12); D&O group 3.57M excl (2.69%); Fluor 126.4M+Japan NuScale 19.3M hold Class B only (no Class A); float on Class A basis=129.46M; multi-class (A+B) structure; no DT entry,"Up-C dual-class; ticker SMR = Class A common; current Class A O/S 133.03M (10-Q); Class B (151M, Fluor 126.4M/Japan NuScale 19.3M) is non-traded no-economic voting stock excluded from the listed class; excluded only D&O Class A ex-options ~1.05M; float ~132M."
SNT,2025-05-19,13.48,23.327,true,high,13.47,23.33,high,20-F 2025-04-23 Item 6E/7A,20-F 2025-04-23,"Senstar Technologies (Canada); trades Common Shares directly (no ADS, flag false positive); O/S 23,326,653; excluded controlling FIMI partnerships (Delaware 4.647M + Israel 5.207M = 9.854M, ~42% control, board nominee Beck) and D&O real shares ~0.0001M (group 70,075 nearly all options); kept none notable."
SOS,2025-05-09,199.2,199.2,false,medium,4.45,4.45,med,F-3 2025-03-14 + 6-K 2025-04-11 + F-6 POS (ADS ratio),20-F 2024-05-15 cover; 6-K 2025-04-11 (PIPE close Apr 9); 1 ADS=10 Class A ordinary,"China ADS, 1 ADS=150 Class A ord (ratio changed 10->150 eff Nov 19 2024); current Class A ord ~667.0M (444.69M F-3 Mar 2025 + 222.34M PIPE closed Apr 9 2025)/150=4.45M ADS; nearly all public (PIPE/resale holders dispersed, kept; founder Yandai Wang holds non-traded Class B only; D&O Class A negligible 0.19M ord); DT 16.17 reflects later post-May dilution."
SYTA,2025-05-20,5.10,5.097,true,medium,5.10,5.10,high,F-1 2025-05-20 + 20-F 2025-04-21,"20-F 2025-04-21 (FY2024); F-1 2025-05-20; O/S 5,097,185 as of May 19","Siyata Mobile (Canada), trades Common Shares directly (ADS flag false positive); current O/S 5,097,185 as of May 19 2025 per F-1 cover (post serial reverse splits 1:100, 1:7, 1:7, 1:18, 1:7); D&O group only 22 shares, NO 5% holders, no controlling shareholder; float = essentially full O/S 5.10M; pending F-1 offering not yet closed."
UBXG,2025-05-14,13.05,20.784,true,medium,13.05,20.78,med,6-K 2025-04-18 (O/S) + 13D/A 2025-03-21 (founder) + 424B2 2025-03-26 (1:16 split),20-F 2024-10-30; 6-K 2025-04-18; 13D/A 2025-03-20,"U-BX (China), trades ordinary directly (ADS flag false positive); 1-for-16 reverse split eff Nov 27 2024 already in current count; current O/S 20,784,142 per 6-K Apr 18 2025; excluded founder/CEO Jian Chen control block 7.592M (Superego Pulse BVI + Columbus LP + direct, per 13D/A) + COO Liu (EvolutionUp BVI) 0.067M + CFO Li (Infinite Fission BVI) 0.071M; DT os 1.818M reflects a LATER additional reverse split (point-in-time O/S is 20.78M)."
VCIG,2025-05-02,1.4,2.8,high,6-K (reverse-split) + 424B5; multidoc,1.25,2.73,med,"6-K 2025-04-03 (1:20 split, ~2.8M O/S) + 20-F/A 2024-10-11 (ownership)","VCI Global (Malaysia, ordinary shares listed 1:1; the dossier ADS flag is a fals","VCI Global (Malaysia), trades ordinary directly (ADS flag false positive); 1-for-20 reverse split eff Apr 3 2025 cut O/S ~54.5M->~2.8M; current O/S ~2.73M (no issuance Apr 3-May 2); excluded D&O group 29.46M pre-split /20 = 1.47M (Victor Hoo Chairman/CEO control incl V Invesco + spouse Karen Liew Exec Director + officers); DT 5.544/2.85 reflects later post-May dilution (~2x)."
VENU,2025-05-27,26.5,37.503,high,10-Q cover (current O/S) + DEF 14A/10-K table,27.49,37.50,high,10-Q 2025-05-15 + 10-K 2025-03-31 (ownership),"Venu Holding. Current O/S 37,503,341 common (10-Q 2025-05-15, post 5-for-1 forwa","Venu Holding (US/Colorado); current voting Common O/S 37,503,341 (10-Q; 5:1 forward split already baked in); excluded D&O group ex-options/warrants 10.01M (group 14.96M beneficial minus 3.70M warrants minus 1.25M Roth option; JW Roth Chairman 34% is the only >5% holder, in D&O); 379,990 non-voting Class B excluded from traded class; DT 63.85/52.42 reflects later post-May dilution."
VERB,2025-05-13,1.04,1.113,high,10-Q cover (current O/S),1.11,1.11,high,10-Q 2025-05-13 cover + DEF14A 2024-08-16,Verb Technology. 2023 proxy is 683d stale and pre multiple reverse splits. Curre,"Current O/S 1,113,143 per 10-Q filed 2025-05-13 (post serial reverse splits); 2024 proxy D&O group 806,920 = 0.55% of then-145.6M O/S, all insiders <1%, no control or >20% holder; nearly all O/S is float."
VMAR,2025-05-06,2.61,2.851,high,20-F Item 7 table (O/S as of Dec 17 2024),10.34,10.40,med,6-K mgmt circular 2025-04-04 (record date 2025-03-27) + 20-F 2024-12-20,"Vision Marine Technologies (foreign 20-F; common shares listed directly, ADS fla","Current O/S 10,400,665 common per AGM circular record date 2025-03-27 (post Feb-2025 offerings, pre a later reverse split that DT's 1.56M reflects); VMAR trades common shares directly (ADS flag false positive, no division); excluded D&O group ~62K (2.2% in Dec-24 20-F), kept KPAC Holdings 180K (6.3% passive); no control person."
VMAR,2025-05-07,1.034,1.040,medium,10-F/A Apr15+MIC Mar27+424B3 Feb6; post 1-for-10 split Mar31-2025; O/S 10400665 pre-split/10=1040067; D&O ex-opts 5745 post-split (Mongeon+Cassella+Barrenechea+Ingargiola+Sossoyan),10.34,10.40,med,6-K mgmt circular 2025-04-04 (record date 2025-03-27) + 20-F 2024-12-20,No 10%+ per MIC; KPAC/Sandher (former CFO) ~18K post-split 1.7% passive KEEP; Fidelity CA 13G passive KEEP; float=1040067-5745=1034322,"Current O/S 10,400,665 common per AGM circular record date 2025-03-27 (post Feb-2025 offerings, pre a later reverse split that DT's 1.56M reflects); VMAR trades common shares directly (ADS flag false positive, no division); excluded D&O group ~62K (2.2% in Dec-24 20-F), kept KPAC Holdings 180K (6.3% passive); no control person."
WAI,2025-05-05,179.6,180.211,high,6-K (current O/S) + 20-F multi-class table,,180.21,med,6-K 2025-04-24 + 20-F 2025-04-17,"Top Win International (foreign, dual-class; only Class A trades). Massive diluti","Class A O/S 180,211,267 per 6-K 2025-04-24 (25-for-1 consolidation APPROVED 2025-04-24 but effective date at board discretion, NO effective-date 6-K <= as_of so still PRE-consolidation); ticker=Class A traded class; excluded D&O group 576K Class A incl founder Ruilin Xu's BVI shell, Class B (3.79M) is separate non-traded class; float ~179.6M >> 20M; DT 2.36M reflects later effected consolidation."
WBUY,2025-05-09,0.607,0.607,high,6-K (current O/S) + 20-F multi-class table,0.61,0.61,high,6-K 2025-05-08 + 20-F 2025-04-22,"WeBuy Global (foreign, dual-class; only Class A trades). Reverse split executed:","Class A O/S 607,023 per 6-K filed 2025-05-08 (post serial 1-for-40 then 1-for-3 reverse splits); ticker=Class A traded class; founder Bin Xue and all D&O hold ONLY Class B (via GBUY Global / WeBuy Talent Cayman shells), zero Class A held by insiders so entire Class A is float; DT 5.48M reflects later 2025 dilution."
WFF,2025-05-20,7.75,24.95,high,20-F Item 7 table (O/S as of Apr 29 2025); control-subset,7.99,25.19,med,13G 2025-05-19 (O/S as of 2025-05-15) + 20-F 2025-04-30,"Western/AGBA? - this is a Malaysian recent-IPO (CEO Chee Hoong Lew). O/S 24,950,","Current O/S 25,190,000 ordinary per 13G filed 2025-05-19 (as of 2025-05-15); single-class, no ADS; excluded control block 17,203,320 = Lew Capital 15,853,320 (brothers Chee Hoong/Chee Seong Lew) + LYC Capital 1,350,000 (CEO's mother Yew Chean Lim, family affiliate) = D&O group; brother's 15.85M is same Lew Capital, no double-count; DT 5.04M likely reflects a later reverse split."
WKSP,2025-05-15,4.3,4.796,high,10-Q cover (current O/S),4.95,5.20,med,10-Q 2025-05-15 cover + DEF14A 2024-10-23 (scaled for 1-for-10 split),"Worksport. Proxy (Oct 2024, 30.92M) is stale and pre reverse split. Current comm","Current O/S 5,200,130 common per 10-Q cover as of 2025-05-15 (post 1-for-10 reverse split eff 2025-03-18); excluded D&O group ex-options ~254,879 (pre-split 2,548,789 / 10), CEO Steven Rossi controls via 100 Series A Pref (51% vote) plus ~249K common; kept Armistice Capital 492,232 (9.99%, passive 13G); DT 16.79M reflects later 2025 dilution."
XAGE,2025-05-21,0.83,1.004,high,10-Q cover (current O/S),0.84,1.00,med,10-Q/424B3 (O/S as of 2025-05-12) + DEF14A 2025-02-10 (scaled 1-for-30),"Carmell Corporation. DEF 14A (Feb 2025, 30.12M) predates the approved 1-for-15-t","Current O/S 1,003,995 common per 10-Q cover as of 2025-05-12 (post 1-for-30 reverse split eff 2025-05-12; 268,840-share May-19 424B3 already in count); excluded D&O group ex-options 4,858,705 pre-split / 30 = 161,957 (incl Chairman Shukla 12% and dir Upton/Harbor Light 5%); 5% holders None; DT 2.48M reflects later 20/20 Biolabs merger dilution."
XAGE,2025-05-22,0.842,1.004,medium,DEF14A Feb10 (Jan29 basis)/10-Q May15; 1-for-30 rev split May12-2025; O/S=1003995 post-split; D&O ex-opts/warrants: Shukla 110955+Frisch 253+Gregory 750+Spenlehauer 253+Sturgeon 3836+Upton(incl HarborLight) 45767+Cassaday 142=161956 post-split,0.84,1.00,med,10-Q/424B3 (O/S as of 2025-05-12) + DEF14A 2025-02-10 (scaled 1-for-30),No 5%+ outside holders; Upton(Dir) controls HarborLight entities; float=1003995-161956=842039,"Current O/S 1,003,995 common per 10-Q cover as of 2025-05-12 (post 1-for-30 reverse split eff 2025-05-12; 268,840-share May-19 424B3 already in count); excluded D&O group ex-options 4,858,705 pre-split / 30 = 161,957 (incl Chairman Shukla 12% and dir Upton/Harbor Light 5%); 5% holders None; DT 2.48M reflects later 20/20 Biolabs merger dilution."
YSXT,2025-05-22,1.4375,23.4375,high,424B4 IPO prospectus + closing 6-K,1.44,22.26,med,424B4 2024-12-18 + IPO-closing 6-K 2024-12-20,"IPO archetype. YSX Tech Co. Ltd, Cayman dual-class. IPO closed 2024-12-19: 1,250","Fresh dual-class China IPO (closed 2024-12-19); ticker=Class A. Class A O/S 22,260,175 (20,822,675 pre-IPO + 1,437,500 IPO incl full 187,500 greenshoe). IPO archetype: float = public offering 1,437,500 Class A. Pre-IPO Class A (20.82M, only 20 holders of record, all foreign BVI SPVs: Jeffre Xiao XJ 11.85M/founder, ZWQ 0.57M, XGR 0.88M + ~7.53M other pre-IPO holders) excluded as locked-up affiliates; 13G 'Jeffre Xiao XJ Holding' 54.88% is founder SPV not passive. DT float 13.42M diverges (counts unnamed pre-IPO holders/later issuance)."
ZCAR,2025-05-05,0.89,0.89,medium,10-Q cover (multidoc: 1-for-20 split + offering closings),3.67,3.67,med,S-1 filed 2025-05-06 stating O/S as of 2025-04-30; DEF14A 2025-01-21 D&O table (scaled),"Zoomcar Holdings. Noisy: stacked reverse splits (1-for-100 in 10-Q period, then ","Current O/S 3,673,235 as of 2025-04-30 (per next-day S-1, ratifies post 1-for-100 + 1-for-20 serial reverse splits and PIPE Third-Closing issuances); excluded D&O-group 105,234 pre-split /20 = ~5K post-split (negligible); Bailey resigned so kept; float approx equals O/S."
ZKIN,2025-05-09,4.21,5.16,high,20-F Item 6/7 + 1-for-7 reverse-split rescale,4.21,5.16,med,"20-F 2025-01-27 (O/S 36,147,625 ord) + 6-K 2025-01-31 (1-for-7 reverse split); ownership table scaled /7","ZK International Group. 20-F (acc 0001410578-25-000055) O/S 36,147,625 ordinary ","Ordinary-share Cayman name (ADS flag false positive, trades ordinary 1:1). Current O/S = 36,147,625/7 = 5.16M post 1-for-7 reverse split effective 2025-01-31; excluded D&O group/Golden Hill control vehicle 6,694,875 ord /7 = 0.956M; kept CF Opportunity Fund 8.73% (passive). DT 57.31M is June snapshot after post-as_of offerings."
HSCS,2025-05-19,1.02,1.03,high,10-Q 2025-03-13 / DEF 14A 2024-09-18,1.03,1.08,high,"normal: 10-Q cover (Mar 12 2025) 1,080,946 common O/S; post 1:100 reverse split (May 2024). Exclude D&O group 16,762 + FRV control lender 30,899",(note lost to a batch-5 column-shift; realigned — float/os/decision intact),"Nano-cap; DEF14A 2024-09-18 holder blocks tiny (<65K each, all <20% of O/S); DT 3.48M is a 2026 post-dilution snapshot."
SOS,2025-05-12,199.2,199.2,medium,carried from 2025-05-09; no O/S change May 9-12,4.44,4.45,med,"multiclass_ads: ADS=150 Class A ord (ratio changed Nov 19 2024 from 10:1). Class A ord=444,688,474 (F-3 Mar 2025)+222,337,500 (Apr 9 2025 PIPE)=667.03M /150=4.447M ADS. Listed Class A ~99% non-affiliate float; founder Class B (24.48M) unlisted/excluded.",(note lost to a batch-5 column-shift; realigned — float/os/decision intact),DT 16.17M OS is a 2026 snapshot after ~1yr more serial 222M-unit PIPEs; founder super-voting Class B not in listed float; affiliate Class A only ~0.77M ord.
SOUN,2025-05-12,364.65,368.869,high,10-Q 2025-05-12 / DEF 14A 2025-04-28,364.98,369.2,high,"multiclass/normal: listed Class A O/S=369,198,933 (10-Q cover May 8 2025). Exclude D&O group Class A 4.22M; keep Vanguard 32.0M + BlackRock 23.3M (passive 13G). Class B 32.54M founder super-voting unlisted.",(note lost to a batch-5 column-shift; realigned — float/os/decision intact),"DT OS 432.77M/float 388.11M is a later-2026 figure (ATM dilution); same order of magnitude, far above 20M."
SPCE,2025-05-16,41.46,41.575,high,10-Q 2025-05-15 / DEF 14A 2025-04-15,41.47,41.57,high,"normal: 10-Q cover (May 8 2025) 41,574,845 common O/S, post 1-for-20 reverse split (Jun 2024). Exclude D&O group 107,730 (incl options); no 5% control holder in proxy.",(note lost to a batch-5 column-shift; realigned — float/os/decision intact),DT OS 100.68M is a 2026 post-ATM-dilution snapshot; no remaining control affiliate (Virgin/Aabar exited).
STRM,2025-05-29,2.99,4.331,medium,DEF 14A 2024-08-19 (÷15 post-split); 10-K/A 2025-05-27; Merger 8-K 2025-05-29,2.93,4.26,med,"normal+reverse-split: 10-K O/S 4,264,482 (post 1-for-15 split eff Oct 4 2024). DEF14A (Aug 2024) holders pre-split, /15. Exclude D&O group 20,080,398/15=1.339M (incl Tamarack/Ferayorni 13D + Harbert/Lucas, both with board seats).",(note lost to a batch-5 column-shift; realigned — float/os/decision intact),Tamarack & Harbert are activist funds with directors on board -> excluded as control; DT float 3.37M assumes lighter exclusion; threshold <20M either way.
SYTA,2025-05-22,5.10,5.097,medium,carried from 2025-05-20; no O/S change May 20-22,5.09,5.10,high,"normal: F-1 (filed 2025-05-20) states 5,097,185 Common Shares O/S as of May 19 2025, post serial reverse splits (1:100, 1:7, 1:18 +others). Trades Common Shares directly on Nasdaq (ADS flag FALSE POSITIVE). D&O ~0.8% pre-splits, now negligible; no 5% holder.",(note lost to a batch-5 column-shift; realigned — float/os/decision intact),"Essentially 100% float, fully retail nano-cap; F-1 offering not yet closed (excluded); not in DT 2026 snapshot."
TASK,2025-05-09,15.30,19.964,medium,DEF 14A 2025-04-08 / 10-K 2025-03-06,15.3,19.96,med,"multiclass: listed Class A O/S=19,964,102 (10-K cover Feb 27 2025). Exclude D&O group Class A 4,666,662 (founders Maddock+Weir); keep Think Investments 3.25M + Vanguard 1.77M (passive 13G). Class B 70.03M (Sponsor Blackstone 47.13M + founders) super-voting, unlisted.",(note lost to a batch-5 column-shift; realigned — float/os/decision intact),"Take-private announced May 9 2025 doesn't change O/S; Sponsor holds 0 Class A; float ~15.3M under 20M (D&O figure incl options, true float slightly higher but <20M)."
TBI,2025-05-13,28.47,29.864,high,10-Q 2025-05-05 / DEF 14A 2025-04-04,28.47,29.86,high,"normal: 10-Q cover (May 5 2025) 29,864,024 common O/S, single class. Exclude D&O group 1,395,918 (incl deferred/RSU/options). All 5% holders (Pzena 10%, BlackRock 9%, Invesco, Vanguard, FMR, etc.) are passive 13G -> kept.",(note lost to a batch-5 column-shift; realigned — float/os/decision intact),Clean small-cap; DT 30.4M OS / 28.88M float matches closely; no control affiliate.
TDUP,2025-05-06,91.44,96.352,medium,DEF 14A 2025-04-11 / 10-Q 2025-05-06,91.44,96.35,high,"multiclass: listed Class A O/S=96,352,209 (10-Q cover Apr 28 2025). Exclude D&O group Class A 4,907,412 (founder Reinhart etc + options); keep passive Class A 5% holders (Capital World 8.58M, BlackRock 4.89M, Needham 6.20M, Ameriprise 4.84M). Class B 21.90M (founders/VCs super-voting) unlisted.",(note lost to a batch-5 column-shift; realigned — float/os/decision intact),DT float 92.16M matches; DT OS 129.04M is total/later figure; VCs (Trinity/Redpoint/Highland) hold Class B only.
TIL,2025-05-22,3.17,6.559,high,DEF 14A 2025-04-14 / 10-Q 2025-05-13,3.17,6.56,high,"normal+reverse-split: 10-Q/proxy O/S 6,558,927 common (post 1-for-20 reverse split). Exclude D&O group 3,386,244 (CEO/Chairman Crouch 37% incl Curative Ventures CVV 30.9% + SB2A, deduped; director McGaughy/CPMG-Ibisbill; Laumas). Keep passive funds Vivo 585K, BML 440K, Boxer 356K, Perceptive 346K.",(note lost to a batch-5 column-shift; realigned — float/os/decision intact),Crouch's 2.58M block already contains CVV 2.02M (no double-count); DT float 3.53M close; DT OS 6.78M slightly later/higher.
TMC,2025-05-19,277.6,371.038,medium,"DEF 14A 2025-04-18; 8-K 2025-05-12 (ERAS+5M, Allseas+3.5M); 10-Q 2025-05-14",272.83,362.19,high,"normal: O/S 362,186,002 common (10-Q cover 5/13/2025); float = O/S - D&O group actual-common ex-options 89.36M (incl director Karkar's ERAS Capital 60.95M)",(note lost to a batch-5 column-shift; realigned — float/os/decision intact),"Allseas 14.6% strategic partner KEPT (under 20%, no board seat); First Manhattan 6.5% board-observer only KEPT; matches DT 273.11M"
TSSI,2025-05-15,20.56,25.020,high,"DEF 14A 2025-04-30; 10-Q 2025-05-15; O/S 25,020,498 as of Apr 28",20.56,25.02,high,"normal: O/S 25,020,498 (10-Q cover 5/13/2025 = proxy 4/28); float = O/S - D&O group 4,805,002 less 341,667 options = 4.46M excluded",(note lost to a batch-5 column-shift; realigned — float/os/decision intact),"Glen Ikeda 5.93% non-insider KEPT (<20%, no board seat); Woodward/MHW block is within D&O group (no double-count)"
TSSI,2025-05-16,20.56,25.020,high,carried from 2025-05-15; no O/S change May 15-16,20.56,25.02,high,"normal: O/S 25,020,498 (10-Q cover 5/13/2025 = proxy 4/28); float = O/S - D&O group 4,805,002 less 341,667 options = 4.46M excluded",(note lost to a batch-5 column-shift; realigned — float/os/decision intact),"Glen Ikeda 5.93% non-insider KEPT (<20%, no board seat); Woodward/MHW block is within D&O group (no double-count)"
TZUP,2025-05-07,6.02,9.480,medium,PRE 14A 2025-04-17 (Apr 15 base); S-3/A 2025-05-06 shelf only,4.62,9.48,med,"normal: O/S 9,479,709 (PRE 14A 4/15/2025, latest <= as_of); float = O/S - D&O actual-common 3.46M (ex-options, ex-blocked-preferred) - Lupinelli 1.40M non-voting locked-up insider",(note lost to a batch-5 column-shift; realigned — float/os/decision intact),"Excl Lupinelli (14.8%, non-vote agreement + founder lockup, pre-IPO 10%+); KEPT Joe Thomas 7.7% & Andrew Haag 9.9% (5% holders, no board seat, <20%)"
TZUP,2025-05-13,6.02,9.480,medium,carried from 2025-05-07; no O/S change May 7-13,4.64,9.50,med,"normal: O/S 9,504,314 (DEF 14C 5/12/2025, as of 4/28 record date); float = O/S - D&O actual-common 3.46M (ex-options, ex-blocked-preferred) - Lupinelli 1.40M non-voting locked-up insider",(note lost to a batch-5 column-shift; realigned — float/os/decision intact),"Excl Lupinelli (14.7%, non-vote agreement + founder lockup, pre-IPO 10%+); KEPT Joe Thomas 7.7% & Andrew Haag 9.9% (5% holders, no board seat, <20%)"
UEIC,2025-05-05,12.42,13.145,high,"DEF 14A 2025-04-14 (Apr 1 base); O/S 13,145,083",9.74,13.15,high,"normal: O/S 13,145,083 (DEF 14A 4/14/2025, as of 4/1); float = O/S - D&O group ex-options/RSUs 0.73M - Toro18/Immersion/Singer activist 1.54M (director, cooperation agmt) - Kent Lake activist 1.13M (13D/A 5/5, board nominee)",(note lost to a batch-5 column-shift; realigned — float/os/decision intact),"KEPT passive 13G: Ameriprise 5.97%, Leviticus 5.68%; matches DT 9.7M"
VATE,2025-05-27,5.82,13.283,medium,"DEF 14A 2025-04-28; 10-Q 2025-05-06; O/S 13,283,218 as of May 2",4.77,13.28,med,"normal: O/S 13,283,218 common (10-Q cover 5/2/2025, post 1:10 reverse split = proxy 4/21); float = O/S - D&O group 7.47M (incl Glazer/Lancer 6.81M control 51%) - Percy Rockdale 1.04M (Gorzynski/Continental 13D control affiliate, 100% of both preferred series)",(note lost to a batch-5 column-shift; realigned — float/os/decision intact),KEPT Whitefort 7.6% hedge fund (no board seat); alt 5.82M if Percy kept; DT 5.23M
VERB,2025-05-30,1.04,1.113,high,10-Q 2025-03-31; carry from prior; no O/S change May 13-30,1.30,1.42,high,"normal: O/S 1,417,955 common (10-Q cover 5/8/2025, post multiple reverse splits + Apr-2025 offering); 2023 DEF 14A stale so used 10-K (3/25/2025) ownership; float = O/S - D&O actual-common 121,334 (ex-options/RSUs)",(note lost to a batch-5 column-shift; realigned — float/os/decision intact),No 5% non-insider holders disclosed; insiders Cutaia 60.9K + Geiskopf 60.2K dominate; tiny nano-cap float
YSXT,2025-05-28,1.4375,23.4375,high,IPO prospectus 2025-05-22 (424B4); carried from 2025-05-22,8.78,22.07,low,"ipo/multiclass: fresh China IPO (424B4 12/18/2024); listed Class A O/S 22,072,675 post-IPO; float = Class A O/S - founder BVI SPVs 13.29M (Jeffre Xiao XJ 11.85M + Zheng ZWQ 0.57M + Geran Xiao XGR 0.88M)",(note lost to a batch-5 column-shift; realigned — float/os/decision intact),13G 'Jeffre Xiao XJ Holding' is chairman control SPV not passive; non-founder pre-IPO Class A ~7.53M not locked (kept); IPO offering only 1.25M; DT 13.42M uses later 27.44M O/S
AEHR,2025-07-22,,29.77,high,10-Q 2025-04-10 + DEF14A 2024-09-11,28.5,29.77,high,10-Q cover / DEF 14A,"O/S 29.77M (10-Q cover Apr 2025). D&O group 1.85M (<7%). BlackRock 2.08M + Vanguard 1.51M = passive 13G kept. Float 29.77-1.85=27.92M, >20M.","Aehr Test Systems, US single-class. O/S 29,771,410 (10-Q cover). Excl D&O group ~1.2M (founder Posedel 0.57M + CEO Erickson 0.36M + others); widely held."
AGEN,2025-07-11,,26.56,high,10-Q 2025-05-12 + DEF14A 2025-04-30,20.87,21.17,high,DEF 14A ownership / 10-Q cover,"Carried from 2025-06-04; O/S 26.56M (10-Q 5/12). 8-K 6/4 SPA 2.13M shares to Zynext (Zydus) signed but no closing 8-K confirmed by as_of; treated as pending. 8-K 6/20 = annual mtg vote only. D&O group ex-options 297,858; no >20% holder. Float ~26.27M rounded to 26.27 but O/S confirmed same as prior → carry. Zynext block passive even if closed (contractual standstill, no board seat).","Agenus, US single-class (post reverse split). O/S 21,171,658. Excl D&O group ACTUAL 297,858 (the 1.55M 'group' total is mostly unexercised options). BARELY >20M (~20.87M)."
ARCT,2025-08-12,,27.15,high,normal; DEF14A 2025-04-25; D&O real ex-options 2.14M (Payne 1.48M+Sassine 0.22M+Chivukula 0.44M); O/S from 10-Q 2025-08-11 cover 27154529 (as of Aug 8),24.3,27.12,high,DEF 14A ownership / 10-Q cover,float ~25.0M >>20M; all institutional >5% holders passive 13G; ARCT2 10-Q Q2 2025,"Arcturus Therapeutics, US single-class. O/S 27,120,603. Excl D&O group 4.95M minus ~2.1M options = ~2.85M actual; kept Federated/BlackRock/Sumitomo/ARK/Vanguard (all 13G passive)."
ZIMV,2025-07-21,,27.92,high,"DEF14A 2025-03-25 O/S=27,847,289; 10-Q 2025-05-08 O/S=27,921,548; D&O actual=629,199(total 1,558,187 minus options 902,676 minus DSUs); Camber/Eversept 13G passive; merger 8-K Jul20 signed not closed",26.3,27.85,high,DEF 14A ownership / 10-Q cover,"float>20M; merger announcement day before as_of, not closed; float=27.92M-0.63M=27.29M","ZimVie (Zimmer spin-off), US single-class. O/S 27,847,289. Excl D&O group 1,558,187 (5.41%); widely held, no control block."
SSBI,2025-07-01,,,low,UNRESOLVED: no SEC filer found,,,low,UNRESOLVED (no SEC filer),Ran full ladder: static map/cik_of/ALIAS/override=None; resolve_cik_edgar FTS for '(SSBI)'=only coincidental 13F text; EDGAR company-name search (Summit State Bancorp etc.)=no filer; FTS across S-1/424B/20-F/F-1/10-K/8-K/6-K 2023-2025=none self-identify as SSBI; no DT anchor. Ticker has no resolvable SEC registrant at/before as_of (triage flagged no-cik/err). UNRESOLVED data-boundary; needs human ticker->CIK mapping.,"Summit State Bank (Nasdaq: SSBI, CS). No SEC EDGAR filings — a community bank that reports to bank regulators (FFIEC), not the SEC; float not derivable from SEC-only engine. The 1 unresolvable name of 1,025. (Would need the bank's annual report / FFIEC data.)"
